Filename,Label,Contrast0,Contrast45,Contrast90,Contrast135,Homogeneity0,Homogeneity45,Homogeneity90,Homogeneity135,Dissimilarity0,Dissimilarity45,Dissimilarity90,Dissimilarity135,Entropy0,Entropy45,Entropy90,Entropy135,ASM0,ASM45,ASM90,ASM135,Energy0,Energy45,Energy90,Energy135,Correlation0,Correlation45,Correlation90,Correlation135
Agaricus augustus_1.jpg,Agaricus,68.4682968179447,108.41364540758818,52.99090227035491,116.86319634345158,0.30061547426742036,0.24225082527925174,0.31991275292111887,0.25108369364310434,4.91107850808555,6.422427396669509,4.373626696242171,6.394516484198627,7.977489857089671,8.242900717540483,7.867776166512026,8.22019275393125,0.0010654894259646344,0.0007867806297636981,0.0011635577033641685,0.0008285183183179084,0.032641835517700814,0.028049610153506557,0.03411096163059858,0.028783994134204315,0.9917059790433865,0.9868618613836398,0.9935793521365062,0.985837888849461
Agaricus augustus_127.jpg,Agaricus,30.197395018257698,86.22029462789261,59.27391701461378,81.68091779626963,0.3062434163073745,0.1867541367525512,0.21297036321775784,0.19265188774880215,3.7592690401669273,6.571280151332489,5.4613517745302715,6.375387560809068,8.117310792907784,8.658573506481815,8.48038398419633,8.636595664486592,0.0005175981325133221,0.00028145849025024735,0.0003332768629363731,0.00028689044688451907,0.022750783118682356,0.016776724657997084,0.018255872012488832,0.016937840679511634,0.9941987983560835,0.9834472631740545,0.9886171887593672,0.9843187088889779
Agaricus augustus_166.jpg,Agaricus,76.90918753260303,115.09623923079184,58.669431758872655,138.08030227292775,0.2129649639594839,0.1682919530779417,0.23258731817560888,0.170925559170927,5.696107198748044,7.2162140087101125,4.9899758611691025,7.547887650654565,8.704450828842878,8.93822175864326,8.570171227188787,8.964870721376581,0.0002580289829417297,0.00019984541684619508,0.0002959329696703755,0.00020046243817314734,0.016063280578441308,0.014136669227445164,0.017202702394402327,0.014158475842164203,0.9900423739432507,0.985095594686711,0.9924034944631813,0.9821192443296223
Agaricus augustus_178.jpg,Agaricus,30.138011867501305,63.899065933527396,34.86016440501044,57.878685707378104,0.3938356762392605,0.32060414387856895,0.3851987265251967,0.32166973420188705,3.1093016431924885,4.515530202789458,3.323988778705637,4.364197712370255,7.201659219664453,7.53104566731953,7.254784824907129,7.508905658619048,0.006908959311211508,0.005436029651761207,0.0068500137194430575,0.005458046636997169,0.08312014985075224,0.0737294354499016,0.08276480966837933,0.07387859390240971,0.9968718108110977,0.9933725102627887,0.9963826135901134,0.9939969350356155
Agaricus augustus_204.jpg,Agaricus,36.93663275952008,109.90085630927757,77.00209746868478,104.6233807390854,0.3392875140096668,0.23283476931779007,0.2679587685454726,0.23940839047419965,3.7660406885758997,6.590248986379421,5.5221979384133615,6.435195258771371,7.701332704726168,8.225829304333272,8.050242810747102,8.190928056451494,0.0016719361551209438,0.001016577113178511,0.001249829036335186,0.0010803272505180727,0.04088931590429148,0.031883806441178116,0.0353529211853163,0.032868332031274004,0.9950465133859416,0.9852678393747022,0.9896691603960617,0.9859752805867298
Agaricus augustus_211.jpg,Agaricus,74.2701519300991,133.27223839441194,77.48204266701464,142.73665794348554,0.26557646263250223,0.20550594214415757,0.24791714206605123,0.1941134928005087,5.342758868022953,7.157811167632097,5.4608004958246354,7.525279256144616,8.556000753481243,8.853465464055004,8.604512137945399,8.908872994968917,0.0003813462492931759,0.0002646109666052682,0.00032791387950599244,0.0002439036386493774,0.019528088726067788,0.01626686714168614,0.01810839251579202,0.015617414595552537,0.9884190476897156,0.9792163035989265,0.9879150014543986,0.977740411003641
Agaricus augustus_239.jpg,Agaricus,115.64676251956182,202.57201198375594,106.03010503653445,207.03948954688462,0.136101246340596,0.10405879599191473,0.1388169940510356,0.10367276944057029,7.986368675013042,10.658093772563472,7.660141570981212,10.696031442657336,9.013953323645222,9.287719780038392,8.977957554629992,9.29826941171079,0.00015234329186541418,0.00011472825022905287,0.0001577086551356068,0.00011431594557562269,0.012342742477481015,0.010711127402335053,0.012558210666158089,0.010691863522119177,0.9803920238097359,0.9655941076869606,0.9820227773522067,0.9648352381564447
Agaricus augustus_317.jpg,Agaricus,94.36596244131457,171.4451501399956,101.78152727035493,181.66556891803148,0.1847722073862346,0.1421674091870203,0.18070807909024517,0.13708840818683146,6.666503651538864,9.092968854649586,6.990497781837162,9.381212816215315,8.827825181827565,9.116219477920874,8.86575945645986,9.15083902051423,0.00022565596007627722,0.00016831071272867303,0.00021922003462695753,0.00016231887269713076,0.015021849422633593,0.01297346186369209,0.014806081001634346,0.01274044240586373,0.9870156393823564,0.9764216866402469,0.9859950581978042,0.9750160423143952
Agaricus augustus_327.jpg,Agaricus,131.69697769953052,224.319833638808,129.3508905271399,226.1098402056972,0.21191236801099553,0.16642025792250037,0.20421649401617686,0.1617765548207898,7.508636541471048,9.934497730992778,7.4501533141962435,9.980247058785093,8.881406789492043,9.158258588992389,8.891499894240809,9.174089160875285,0.0003917941573371332,0.0002863207914389346,0.000369706163907606,0.0002746254588506154,0.019793790878382372,0.01692101626495686,0.01922774463913035,0.01657182726347989,0.9833200968807527,0.9715940290656937,0.9836134822543681,0.9713673647391943
Agaricus augustus_330.jpg,Agaricus,51.05999934793949,136.56591882540894,104.95679149269313,157.37891930567397,0.26348275956423756,0.17263474437530402,0.18354325745382052,0.15638572798948444,4.765985263432446,7.9785579634149135,7.1420146137787075,8.758488766045588,8.339001752539636,8.828617017651688,8.72568201630982,8.923554513677786,0.0004784418371633129,0.0003007670116660828,0.0003246725714361891,0.0002597706218375328,0.021873313355852443,0.01734263566088162,0.018018672854463756,0.016117401212277765,0.9926229216486684,0.9802827623562382,0.9848354527000407,0.9772778061462639
Agaricus augustus_334.jpg,Agaricus,92.88035993740219,203.47190449586873,133.502567197286,220.12693045305002,0.24782452643877925,0.18506904245645084,0.21881097328075447,0.17554106357799887,5.907752999478351,9.149957037516213,7.498600600208768,9.552951669656071,8.595413671676026,8.997408318826409,8.797170265803587,9.044639410331746,0.0005073580538759129,0.0003735245065195921,0.00047722825806968076,0.0003520333866383284,0.0225246099605723,0.01932678210462342,0.021845554652369915,0.018762552775097755,0.9887101299150679,0.9752898949682183,0.9837754936871671,0.9732672786303206
Agaricus augustus_35.jpg,Agaricus,70.91554186228481,145.25357013339607,98.68091075156578,154.94764131063346,0.29663853185393263,0.22963470975876452,0.2677136770734341,0.22709461482656446,5.265985263432446,7.570747612560074,6.185060020876827,7.8045255994328295,8.391462274865011,8.74726171200393,8.5523525114806,8.773764079873654,0.0009245099180206531,0.0005821078103765077,0.0007101788658954674,0.0005819351263812922,0.03040575468592505,0.024126910502103405,0.026649181336308767,0.02412333157715352,0.9920093116634678,0.9836396128668006,0.9888843150009949,0.9825477445509583
Agaricus augustus_39.jpg,Agaricus,107.88072835159103,160.55428791725066,83.10430584551148,188.4483519068482,0.22863018377081787,0.19236898046373963,0.2542542413489469,0.18390399523426232,6.571527777777777,7.910203508221679,5.535679801670146,8.55747334855806,8.478479693184,8.648576517842825,8.303805029825845,8.723149622838928,0.0007074133097965679,0.0005829155120650948,0.0008403607855358924,0.0005423191624623263,0.026597242522422657,0.02414364330553893,0.028988976966010587,0.023287747045653135,0.9866857995765176,0.9801954957715947,0.9897444205852002,0.9767547807011908
Agaricus augustus_52.jpg,Agaricus,130.99450965049556,247.37936036539344,152.18697481732778,255.03398446816365,0.23330012803756206,0.16301076714389107,0.1929153982802117,0.1595573564447956,7.493042514345331,10.669293422329382,8.390256393528183,10.96662974833459,8.853893207477473,9.211121579082564,8.98949603682104,9.231989507610432,0.0008653606612335772,0.0006527680347320602,0.0007316361625152954,0.000647985398953083,0.02941701312563152,0.025549325524014527,0.027048773771010313,0.025455557329453288,0.9852477066715947,0.9721718850715572,0.9828848953213095,0.9713108338071251
Agaricus augustus_53.jpg,Agaricus,203.46765453834115,338.6786144844012,194.74018136743214,363.66087081524165,0.1448815737076198,0.11129290267395944,0.1408627359742357,0.11177839016630686,9.732717136150235,12.761978038493076,9.634896920668059,13.100862190073869,9.06387537116754,9.325427811601799,9.066351129770492,9.343267400728765,0.00018146250152895776,0.00013911006048294067,0.000182773197829521,0.000137139933353077,0.013470801814626988,0.011794492803123866,0.013519363810088144,0.01171067604167569,0.9540304712680238,0.9235058212901129,0.9559975982601234,0.9178636318150446
Agaricus augustus_61.jpg,Agaricus,62.65773995826813,146.51268455082152,91.6441186064718,136.7843283313894,0.26005181755236445,0.18270056908614224,0.21797055534018178,0.1800602647697309,5.036085028690662,7.762628193190691,6.185950548016701,7.665944635570323,8.455022577555305,8.878482212224325,8.665512873072213,8.87138564003541,0.00036571662649198387,0.0002343495427709258,0.00028747447132718764,0.00022972544793526303,0.019123718950350213,0.015308479440196724,0.01695507214160965,0.015156696471700653,0.9878638243786797,0.9716143717386703,0.9822416544690526,0.9734991026823722
Agaricus augustus_76.jpg,Agaricus,50.3991392801252,100.15436110049299,57.39883546450939,99.88177965963257,0.2614429482161087,0.19472670207314113,0.2387431693361469,0.19327847472057755,4.6277712571726655,6.6372136787321,5.008301800626305,6.6182775147755,8.284386961942563,8.635855836484046,8.36821631151154,8.633260334850231,0.0004515232573181122,0.00031051047500399285,0.00040109335088970313,0.0003091406110188285,0.02124907662271733,0.017621307414717922,0.02002731511934895,0.017582394917042117,0.9896332042493537,0.9794054218355215,0.98819433103565,0.9794614894516273
Agaricus augustus_80.jpg,Agaricus,64.6115577725613,102.14750343863228,52.64167536534447,113.80745946334468,0.20042817894792214,0.1670640452260479,0.2288468122210346,0.16091201588863002,5.678915623369849,7.07879940277247,4.972736169102296,7.5019651660834885,8.573320482340907,8.784012743693157,8.440266619851283,8.835294938762186,0.0002937940512880117,0.00024369553298039977,0.00035253173746191836,0.00022826730995823122,0.017140421560977188,0.01561075055788157,0.018775828542621453,0.015108517794880847,0.9899162436588896,0.9840684143587903,0.9917885799022429,0.9822498288781984
Agaricus augustus_81.jpg,Agaricus,99.0661026343245,206.05024486982205,127.49293123695197,198.58354814575225,0.2159316879504509,0.1641948962602955,0.19996298679138738,0.16543913650995667,6.593000130412103,9.580310440700337,7.489329984342381,9.441634730675865,8.314262234295239,8.65504939132667,8.422765650173382,8.645358830513759,0.0006630117454738092,0.0004769183441708479,0.0006098018281813871,0.00048137685322224925,0.025749014456359475,0.021838460206041264,0.02469416587336748,0.021940302031244904,0.978883371383338,0.9561364903795662,0.972833898543115,0.957725980546991
Agaricus augustus_91.jpg,Agaricus,47.5564130151278,91.67125368774933,54.63202635699375,98.4530238727657,0.32627684874466867,0.24421170959178207,0.29571179379798784,0.23980221333387586,4.115620109546166,5.91808377520983,4.576578810020878,6.184343360090956,8.270788323133479,8.623793599267565,8.368041662198316,8.652893958979671,0.00049673738870072,0.00034518072575005743,0.0004502918297725506,0.00033950234378165645,0.02228760616801903,0.018579039957706572,0.021220080814467947,0.018425589374064983,0.9935529811416922,0.9875467304321437,0.9925950350497058,0.9866254105928898
Agaricus augustus_92.jpg,Agaricus,26.393192488262912,52.60317366971488,31.022498042797494,55.68852035898993,0.35547355460545316,0.2547594571956514,0.32074359466287106,0.25319404208620044,3.2098135106937926,4.7348316295359725,3.5500619780793317,4.779689036562217,8.083747749823655,8.46559925080723,8.18855588258431,8.473556984440647,0.0005808653283048141,0.00040365956085094534,0.000540686726108237,0.00039310819301842067,0.0241011478628055,0.020091280717041044,0.02325267137574169,0.01982695622173057,0.9967543108776881,0.9935343857486426,0.9961861551598007,0.9931551684134796
Agaricus augustus_93.jpg,Agaricus,78.93864436619718,135.05380928577728,76.8682085073069,149.18220340367418,0.1865154432639725,0.14176258404002529,0.18238205184433987,0.14234258677642336,6.127481090245175,8.226877852594574,6.13337030271399,8.374489105824928,8.589717855382514,8.869512600200208,8.589951535401344,8.882036566030337,0.0003042470881008243,0.00022631187559134277,0.00029833424994912924,0.00022402894151242535,0.017442680072191435,0.015043665630136252,0.01727235507824944,0.014967596383936379,0.9889078954515501,0.9810319530415818,0.9892041198984288,0.9790476581341248
Agaricus augustus_95.jpg,Agaricus,188.23357133541992,374.694031971929,217.14908663883088,375.3475125865375,0.19996212828469867,0.15339489148592428,0.19243681701489196,0.15619360106722302,8.740991784037558,12.385623413410176,9.384603340292276,12.41879763853359,9.055486445087146,9.377597052760033,9.112205961408462,9.374916572471392,0.00034902500839140995,0.0002563967034089436,0.00033246999147690747,0.0002669258853294856,0.01868221101452957,0.016012392182586075,0.018233759663791434,0.016337866608877843,0.9842306067046138,0.9685893021786937,0.9818019686859178,0.9685345601559254
Agaricus augustus_97.jpg,Agaricus,37.39255672926448,75.08432735125669,39.608967249478084,70.11654104632433,0.3572168391659136,0.2281962893996855,0.27097124786157856,0.22664389592691642,3.4733731090245175,5.540958112395084,4.160598251565762,5.453638089263952,8.09443483250726,8.600355965934156,8.33433808726313,8.595889782710959,0.0005390211594656327,0.0002927334699880544,0.0003657292821959812,0.0002902290984123669,0.023216829229367922,0.017109455572520547,0.019124049837730007,0.017036111598964326,0.993329409688364,0.9866194636425292,0.9929329994995564,0.9875047522704207
Agaricus augustus_99.jpg,Agaricus,83.2676512780386,177.00145386351983,125.52491518789144,201.76612399985623,0.17705521478897573,0.12094207994366138,0.14590838087661126,0.11653222876595125,6.397822117892541,9.580882184781155,8.032841858037578,10.172434747664832,8.55627996073018,8.944558458270334,8.777673510644755,8.993184530650757,0.00029130092220132364,0.0001957315125941223,0.00023215029634014028,0.0001834807156451265,0.01706754001610436,0.013990407878047098,0.015236479132008821,0.013545505366915126,0.977694406562537,0.9526241282992631,0.9663856468575749,0.9459956737167694
Agaricus xanthodermus_1.jpg,Agaricus,12.37933294209703,48.9916917417285,34.80893136743215,42.561501693996036,0.4952791640784261,0.329249142041438,0.3813802123744296,0.3475738046392714,1.8032048774126241,3.7397028891045183,3.075906837160751,3.433127178753337,7.364361771335934,8.039474723078468,7.839473942345723,7.950528506692137,0.0012824249695875174,0.0006817624706070688,0.0008418266337652572,0.0007527227731649641,0.035810961584234476,0.026110581583087513,0.02901424880580673,0.027435793649263438,0.9979912581002623,0.992055574072214,0.9943498762552058,0.9930982976765801
Agaricus xanthodermus_109.jpg,Agaricus,46.346400625978106,68.74089211679262,42.716013178496866,93.81763650798315,0.34200627958342605,0.30913228880154736,0.3814993087107628,0.272281439447301,3.6787232655190407,4.310875225838911,3.322830767223382,5.271055700941906,7.312490268579653,7.46504810172477,7.204477358421817,7.620014463409651,0.0017102181255933856,0.001465334223352366,0.00200335294786432,0.0012729227254795856,0.041354783587795325,0.03827968421176389,0.04475883094836504,0.035678042623994745,0.9959976604849967,0.9940705379744137,0.9963120883361306,0.9919074711106367
Agaricus xanthodermus_112.jpg,Agaricus,34.862816249347944,56.94330912405539,39.662222729645094,80.66367726190126,0.3055141339203509,0.25739614707455094,0.2828089509077468,0.21278623166452876,3.737007694314032,4.7130432793933625,4.075629566805846,5.870174888346549,7.873304794698047,8.083259688268692,7.9517687730809055,8.29514415210134,0.0008336734530876306,0.0006880204935493968,0.0007296392277436656,0.0005022913528719922,0.0288734039054565,0.026230144748921932,0.027011834956989975,0.022411857416822736,0.9960096881830236,0.993486749731092,0.9954613565375825,0.990773582877233
Agaricus xanthodermus_114.jpg,Agaricus,19.852614762649974,67.27710638687145,54.41695915970773,77.16662256069472,0.5035260789960859,0.36998928209430343,0.41785810544616975,0.370321777472232,2.123858894105373,3.8913686246451102,3.3131556628392484,3.975088293621623,7.3378457247504905,7.865481202242121,7.6991260010538705,7.856770206185512,0.001818319360504834,0.001148483567617,0.0014348837536886524,0.0012126852419022656,0.04264175606732014,0.033889283964359584,0.03787985947292641,0.03482363051007556,0.9988497900197467,0.9961049424407422,0.9968478002733335,0.9955323880022313
Agaricus xanthodermus_117.jpg,Agaricus,77.47006064162754,153.2192001463665,75.64598773486429,125.17310450501664,0.22058201763911428,0.16444289108064286,0.2140026829339276,0.17686681712495841,5.761825117370892,8.212564647919995,5.831771920668058,7.41543905044743,8.672861863647565,9.015921878918256,8.688993980509757,8.916274053816977,0.00028875188687671927,0.00020172429727479156,0.0002799280434396806,0.0002241322444983134,0.01699270098826903,0.014202967903744328,0.016731050279037495,0.014971046873826607,0.9887451607233733,0.9777532597776393,0.9890104594760195,0.9818254481379574
Agaricus xanthodermus_122.jpg,Agaricus,6.536847939488784,12.973513547067608,6.689630088726514,11.652108428814596,0.534008771223355,0.4293480100033661,0.5172255186172595,0.44180509028294324,1.4828247261345853,2.123790761269076,1.525322938413361,2.017678326978807,6.862525785654415,7.196018349827497,6.896481268416029,7.149280756445119,0.002171759138719904,0.001484500166794033,0.0019496674841312691,0.0015343862546187135,0.046602136632561214,0.03852921186313098,0.04415503917030614,0.0391712426994436,0.9984231551652196,0.9968698156422003,0.9983866142820481,0.9971886362840481
Agaricus xanthodermus_124.jpg,Agaricus,14.219568335941574,23.982860746011674,12.174696633611692,26.14909125362241,0.46533775598121796,0.3893623870143102,0.4958088945828745,0.38411856292529106,2.045011737089202,2.7186071660769535,1.817572416492693,2.7891113790140523,7.370048007349309,7.629045055429314,7.237907616502599,7.652985602854779,0.0011834261354560641,0.000897680233092028,0.0012642557222465418,0.0008578312130257304,0.03440096125773325,0.02996131227252952,0.03555637386245315,0.02928875574389821,0.9959576185135277,0.9931904222468689,0.9965430492944136,0.9925753378066109
Agaricus xanthodermus_151.jpg,Agaricus,35.96330855503392,53.790189524995014,22.102462813152403,56.170801193148215,0.36760269464198747,0.31532786060331214,0.4015254450277841,0.3102528329798316,3.317775169535733,4.117044181115457,2.6607026356993746,4.236443947843871,7.863027313131035,8.085294720504322,7.683004080331357,8.108049681230248,0.0007772383620379421,0.0006051104809379842,0.0008547676851190777,0.0005940775235087145,0.027878994996913754,0.02459899349440916,0.029236410263900007,0.024373705576065254,0.9914539420561357,0.9872352947775359,0.9947574972779539,0.9866703760530954
Agaricus xanthodermus_167.jpg,Agaricus,39.39996087636934,98.93489631829482,56.56592836638831,80.5425426602762,0.39187993406609123,0.2690304180238038,0.3225437637890559,0.2906921131463685,3.0593635889410544,5.184385832508388,3.9948231993736947,4.66068132291779,7.359751310783531,7.866985703406375,7.630211683666216,7.7610195783213625,0.0015347643833596072,0.000892800100983944,0.0011016567848597242,0.000975574511081126,0.03917606901361605,0.02987976072501157,0.03319121547728742,0.03123418817707811,0.996478843175838,0.9911634887099967,0.9949446841611547,0.9928062330986039
Agaricus xanthodermus_178.jpg,Agaricus,25.655715310380803,38.549517938062145,17.99790253131524,44.258856315811826,0.32062197265656384,0.27039776671874033,0.37165864069613225,0.2645515122404915,3.2200084767866457,3.9863467513501325,2.642761612734864,4.204733387567343,7.913531018594013,8.12842064419189,7.724913554157879,8.16251280110585,0.0006738408990890609,0.0005380378364977455,0.0008526411150497295,0.0005375673211774894,0.025958445621590304,0.023195642618771,0.029200019093311044,0.023185498079133202,0.9959436889292076,0.993911775279663,0.9971561292896416,0.9930100960346331
Agaricus xanthodermus_180.jpg,Agaricus,44.14747978612415,81.3972869926588,34.73637134655532,66.93453693630116,0.40990214052317414,0.3358044748148466,0.40463143498049586,0.33809950088651863,3.324709833072509,4.640774827578321,3.1561129958246346,4.328364060493789,7.617128199676919,7.930065498322906,7.607258693207424,7.886664107917603,0.0018841941021041724,0.0014295441150827478,0.0018574185465980364,0.0014396887073945853,0.04340730470904836,0.03780931254443471,0.04309777890562385,0.03794323006011198,0.9963144663612433,0.9932148951524384,0.9971015086300091,0.9944204804934581
Agaricus xanthodermus_183.jpg,Agaricus,31.874696791862284,69.88994416510661,41.21849230167015,66.32580591412075,0.3263725870228118,0.2556476441351839,0.3080826606468685,0.2540104599213362,3.4752249608763695,4.985327413331765,3.8336736691022972,4.933207222924649,8.086939888048834,8.427758873078377,8.17988494974766,8.421566398906409,0.0005016260780257581,0.00035723880360314405,0.0004583706157625354,0.00036018488670621496,0.02239701047072484,0.01890076198472284,0.021409591676688638,0.018978537528118834,0.9948678627201775,0.9887427742488556,0.9933641352689655,0.9893169207506984
Agaricus xanthodermus_186.jpg,Agaricus,55.50318531559729,133.5517265037686,99.14749804279751,160.5857632456768,0.41334892827915126,0.28777275383765005,0.32021430620667035,0.27520193902537404,3.8069085811163283,6.060657146310945,5.114323460334029,6.60737190482258,8.060657506422059,8.539069558734052,8.379535958393227,8.606491003151197,0.0008301084325693241,0.0004968610934039488,0.0005690791014901436,0.00047490089919262276,0.028811602395030445,0.022290381185703145,0.0238553788796184,0.02179222107066241,0.9940267027128846,0.9856249311381057,0.9893327102063335,0.982715055504234
Agaricus xanthodermus_188.jpg,Agaricus,54.199683750652056,87.48120595528634,36.07771072546973,78.7836683753647,0.3666358018150907,0.3090139639756213,0.4010346727934738,0.3094588998090694,3.6832127021387584,4.809344585256843,3.10772116388309,4.5976326527945215,7.945239813072955,8.205641293838813,7.80927234819206,8.174205175069577,0.0009796197617720562,0.0007418666572544688,0.0010874483497561739,0.0007567184788621461,0.03129887796346789,0.027237229250686803,0.03297648176740772,0.02750851647875883,0.9956977757589263,0.993061143509669,0.9971372139549016,0.9937510152921373
Agaricus xanthodermus_19.jpg,Agaricus,93.34614306207615,163.0393163901059,72.68784251043841,160.09661821543966,0.28774272721245764,0.22136515355777436,0.31640679249337467,0.2286956342916853,5.638644366197183,8.089757286469922,5.059828418580376,7.857759874020276,8.596836067115861,8.926198906699845,8.470921618727571,8.912386274866545,0.0003655054275108718,0.00025018540590789745,0.0004182056198543417,0.00025730324635081915,0.019118196241038842,0.015817250263806835,0.020450076279914988,0.016040674747367055,0.98913430663426,0.9810350259080904,0.9915395434262154,0.981377370885376
Agaricus xanthodermus_190.jpg,Agaricus,152.01496478873239,292.9462821932757,147.91091792797496,262.4400240459225,0.22893361175232613,0.17494303625789023,0.2242591987102381,0.1783731931870106,7.104342723004695,10.112914555297456,7.248789796450941,9.60924395829862,8.842825004372521,9.178258740255535,8.870418462862983,9.134962532118001,0.00038177132590773487,0.00027915726093287045,0.00036893006526936674,0.000281489951869477,0.019538969417749106,0.016707999908213745,0.019207552297712656,0.01677766228857516,0.9857769814078462,0.9726084325437787,0.9861685082373388,0.9754607797894719
Agaricus xanthodermus_192.jpg,Agaricus,34.07353938445488,57.93233817192181,27.101582072025053,56.26730179266272,0.4038080563076394,0.33021163377906537,0.42032755543870776,0.32948123722343475,2.841836202399583,3.7861219742486467,2.5960497129436324,3.7855142919684655,7.714378109781524,7.993724653981948,7.633162655075019,7.992964486392881,0.0010092277723388382,0.000766825642787952,0.0010993083940373694,0.0007543446236390053,0.03176834544540899,0.027691616832318623,0.03315581991200594,0.027465334944962994,0.9959384370537202,0.9930969207196424,0.9967710502315766,0.9932953236238756
Agaricus xanthodermus_212.jpg,Agaricus,96.6474537037037,193.34487929665676,100.39166231732777,168.1524433074905,0.18817071520356982,0.13785851897953427,0.18491070994310782,0.14480035827206508,6.6049980438184654,9.385822707061203,6.751122129436325,8.836412583597152,8.88979390599512,9.226354784425418,8.91062191963817,9.169965721052165,0.00020805878741337493,0.0001439266342494803,0.0001974071799776413,0.00015357030634797445,0.014424243044727683,0.01199694270426763,0.014050166546259917,0.012392348701839149,0.9869196324678877,0.9738384143677746,0.9864064983527635,0.9772471568840487
Agaricus xanthodermus_213.jpg,Agaricus,23.870820292123106,46.809426262982676,24.319157750521924,42.54811961539593,0.3909137482766088,0.29239797893560426,0.3751692815734636,0.3043060498304969,2.9118870631194573,4.2850879342396295,3.0090781576200425,4.036431532829545,7.841630050398268,8.224007246563167,7.885225566631332,8.169558273051745,0.0007391406977275369,0.0005004651699884804,0.0006989098683389741,0.0005199568038989336,0.027187142139760423,0.022371078874039142,0.026436903531597156,0.022802561345141328,0.9951571427232859,0.9905044205479623,0.9950641469487473,0.9913688527928266
Agaricus xanthodermus_214.jpg,Agaricus,125.21858698487222,208.9693545172683,118.5416068632568,233.81514697089986,0.23326747985521978,0.1867159636758043,0.22935797226601035,0.17562727849987458,6.443358763693272,8.448858308748338,6.455235516701462,9.095121879502484,8.535229927652367,8.786707960519117,8.538839782108209,8.856549788383232,0.0005350434936181067,0.0004197337103959522,0.0005352342120700422,0.00039184171741115585,0.02313100718987625,0.020487403700712108,0.023135129393846973,0.01979499223064146,0.9888087718493255,0.9813417282997545,0.98940680781703,0.9791233089205894
Agaricus xanthodermus_232.jpg,Agaricus,289.37535211267607,518.6908073353131,315.2844924321504,515.0082853885083,0.13976897622455542,0.0968938510864544,0.11986256970209638,0.10199602949612545,11.400534689619196,15.615647492003749,12.25614561586639,15.294935000865785,9.387095153724934,9.680374520024417,9.47019372367475,9.66928456527103,0.00011733486839670532,8.30812769644374e-05,0.00010315320480162932,8.531498788573725e-05,0.010832122063414228,0.009114893140593444,0.010156436619288741,0.00923661127718046,0.9587559657355826,0.926100926335323,0.9550690345337948,0.9266259896246327
Agaricus xanthodermus_236.jpg,Agaricus,23.35234415753782,44.99796132396327,23.457153575156575,41.85518212499306,0.520882416747706,0.42589248734398333,0.49921691587379186,0.4307663210353568,2.224370761606677,3.180311747543951,2.3026259133611693,3.117651863395637,7.357658822654165,7.694459751484462,7.412104217102591,7.676827528732678,0.0017301247642700908,0.0012203252544953883,0.0015929680990037338,0.0012493160612099088,0.04159476847237031,0.03493315408741942,0.03991200444733055,0.03534566538077772,0.9945448508423814,0.9894958520363887,0.9945199423797988,0.9902294703050055
Agaricus xanthodermus_24.jpg,Agaricus,32.46141105894627,102.70973043083366,69.27192066805846,89.66329501014437,0.33802085069867605,0.2159317762259792,0.24534948835039813,0.22116602756162818,3.2658841940532084,6.016286538530649,5.005538883089771,5.675474792620254,7.503680177311793,8.075562963464185,7.914092860045395,8.034751565132337,0.0010601720884885913,0.0005899921561994783,0.0006950398242869354,0.0006155253069441521,0.03256028391289903,0.02428975414036705,0.02636360795276199,0.02480978248482143,0.9962766212772283,0.988235032528634,0.9920563843303026,0.989729449233534
Agaricus xanthodermus_245.jpg,Agaricus,22.147385237350022,48.90512968789308,28.76361560542798,45.90219582398123,0.37924330226369973,0.2915795444912891,0.35623536301495823,0.2917876469790819,2.8755672926447575,4.212496038630298,3.1843032359081427,4.154240217458777,7.794585133971627,8.151947208382765,7.8897747367810265,8.147339793202587,0.0006486022647554798,0.0004505453629932672,0.000591209521652285,0.00045217695349361803,0.025467670972342166,0.021226053872382102,0.024314800464990148,0.02126445281434766,0.9971419776140468,0.9936859144885068,0.9962871688810264,0.9940736264556267
Agaricus xanthodermus_251.jpg,Agaricus,24.463116197183098,96.57739291233365,78.31432346033404,98.7717532287205,0.386348549221729,0.22702203541729332,0.2483493638833948,0.229026649513546,2.7735882889932184,5.857799079328675,5.291078418580376,5.891260810047013,7.530777869126004,8.219785348264708,8.120048030959959,8.222121800886727,0.0014725390079384031,0.0007633367973859122,0.0008463670986291138,0.0007596366067554588,0.03837367597635654,0.02762855040326785,0.029092389015498776,0.027561505886933298,0.9977370686318039,0.991077326284643,0.9927582832459428,0.9908745853841612
Agaricus xanthodermus_262.jpg,Agaricus,104.81620044340114,193.36254128809043,91.50889548538623,183.24598717332992,0.30372159251263453,0.2433500316124631,0.3015283611547006,0.25193832837980645,6.098001434533124,8.463968688027025,5.544216466597078,8.091547662220131,8.506494961725284,8.821872206676925,8.446819460524726,8.78764401479063,0.00309823711682176,0.0026490763820005265,0.003010975013899271,0.0026659807233551445,0.055661810218692674,0.05146917895207312,0.05487235199897368,0.05163313590471864,0.989961533321679,0.9814450055742262,0.9912163681742282,0.9824157616685306
Agaricus xanthodermus_270.jpg,Agaricus,23.227115936358896,58.78750722847873,32.88583637787057,48.64704440981309,0.3609562344892281,0.27482999164177396,0.3486788412428394,0.28861379309568636,3.006419535732916,4.7115861487645425,3.407887526096034,4.263427001349315,7.922718400475356,8.325019413327528,8.012091774531163,8.239332200279055,0.0007879535081705869,0.0005625611733366601,0.0007604326014265376,0.0005856051149246849,0.02807050958159803,0.02371837206337442,0.027575942439498558,0.024199279223247227,0.9973285121578579,0.9932379163222358,0.9962174908298514,0.9944043303450073
Agaricus xanthodermus_278.jpg,Agaricus,25.724598982785604,46.374015375015105,25.78199699895616,48.61027963186215,0.4531233845791769,0.3860346137758266,0.45615987640410605,0.3571166951985634,2.460651408450704,3.298914339668258,2.4453451200417535,3.543490121895838,7.511380786575779,7.768148752270207,7.500244792822366,7.86378009456689,0.0012437422429629847,0.0009576705548291202,0.0012391429932729165,0.0008711107862440346,0.0352667299726383,0.030946252678298872,0.035201462942226085,0.029514585991404906,0.9953756533796937,0.9916800069043022,0.9953688227797749,0.9912788073328492
Agaricus xanthodermus_279.jpg,Agaricus,41.50667709963484,95.31057465180787,63.40646529227559,100.18732296352928,0.3265555608961283,0.24434739855592774,0.3018887982254307,0.24309120865681225,3.9001956181533646,5.923320950990098,4.650965553235909,6.065224564739399,8.263360657123776,8.649871967898036,8.39802929693935,8.67527592289439,0.0005155611130788576,0.0003438370931234197,0.0004429385726307364,0.0003382417655601845,0.022705970868449065,0.018542844795861817,0.021046105878065338,0.018391350291922137,0.9941056645331569,0.9864627718928273,0.9909901556433247,0.9857701406948541
Agaricus xanthodermus_282.jpg,Agaricus,40.83707942097027,68.61839513070069,38.78646268267223,79.91459450276233,0.3321182814448277,0.2693290926503138,0.324465433729238,0.256684345456068,3.696495174752217,4.809089750752252,3.689248434237996,5.2815267853934085,7.929711591685348,8.189946795731975,7.9408746799734775,8.266094789630552,0.0006446024203043955,0.0004867801661736701,0.0006219734845198493,0.00045459003033503185,0.025389021649216723,0.022063095117722493,0.024939396234068083,0.021321117004862382,0.9961623982859107,0.9935532637158356,0.9963547431616956,0.992491978176274
Agaricus xanthodermus_288.jpg,Agaricus,28.732413928012523,89.03266782322326,64.4346000782881,85.94423698302083,0.42685382088530294,0.28935026948246606,0.326535884437658,0.2991318534226515,2.6991392801251957,4.842332585165365,4.145514744258874,4.789091776359852,7.482990556652117,8.027673820556698,7.884194339426786,8.017193227413951,0.0022233313331028507,0.0012954639696330288,0.001462348900978697,0.0012870272175507925,0.04715221450900107,0.03599255436382682,0.03824067077051208,0.035875161568288336,0.9972131039617329,0.9913704236891824,0.9937510474528846,0.9916697813374116
Agaricus xanthodermus_29.jpg,Agaricus,46.01876304121023,103.28531336476291,59.98074765135699,92.29499380882837,0.3457028216473099,0.27201689567801984,0.35265804158536707,0.2848230496797055,3.7252901669274907,5.489827856025039,4.095067849686847,5.252113002767242,8.343476243467087,8.695757829106382,8.397101647835264,8.656832208520083,0.0004188040026940269,0.0003022115936612922,0.00042137689634637825,0.0003166843601300093,0.02046470138296738,0.017384234054490067,0.020527466876026818,0.017795627556509753,0.99500776298178,0.9887889925323841,0.9934945598704492,0.9899819411060085
Agaricus xanthodermus_3.jpg,Agaricus,17.073653495044343,36.14924154063793,20.03485451461378,34.95531901686155,0.7620438999920209,0.6912474433663353,0.748054386477043,0.6847101097673316,1.174533776734481,1.880730917632914,1.327939065762004,1.881995288828774,5.746108342736075,6.049934834970065,5.814495115162988,6.06294884440909,0.013251569463858302,0.010875723480072024,0.012680120920077219,0.01079398460288706,0.11511546144570807,0.1042867368368194,0.11260604299981959,0.1038941028301754,0.9955677162804096,0.9906262631363406,0.9947978204082818,0.9909358591210986
Agaricus xanthodermus_300.jpg,Agaricus,13.016360198226398,35.50959386567608,23.50312826200418,34.84698168131965,0.5019228052025302,0.35584188727897853,0.40824327423101836,0.36419670874323434,1.7926186750130413,3.2365942348594,2.652143136743215,3.168347594264263,7.321835551963674,7.881918151252001,7.703734996976223,7.865077299782385,0.0012567797062628967,0.0007556874397045332,0.0009145841120885925,0.0007606002716160137,0.03545108892915557,0.027489769728110368,0.030242091728063265,0.027578982425318265,0.9987072581979272,0.9964752018398544,0.9976672282344329,0.9965409793212414
Agaricus xanthodermus_303.jpg,Agaricus,23.61343896713615,61.67890525710514,44.474230167014625,63.806214694802996,0.5101910035609026,0.378995792608705,0.4134273528873012,0.3747209569427965,2.2471961398017735,3.8895227080413357,3.371737995824635,3.9906103286384966,7.320473642453768,7.855493088690807,7.72334354770685,7.867518165501132,0.0023666761601506873,0.001403037852986249,0.0016131858957528166,0.0013979438459114106,0.048648495970077914,0.0374571468879605,0.04016448550339985,0.03738908725699801,0.9966228722957075,0.9911806024060208,0.9936364788424987,0.990876423182057
Agaricus xanthodermus_37.jpg,Agaricus,60.3627836463224,106.59509737618474,39.58814587682673,78.40559198382125,0.3679561874318402,0.2983193886443088,0.39803265525222653,0.3305232278513641,4.120556207616067,5.550922794946436,3.3447416492693116,4.7733377766016165,8.275423286742093,8.575593827169538,8.095883567857197,8.398980979113926,0.0004776432958247176,0.00034523565416144197,0.0005400357192010966,0.00041318721189084143,0.021855051952002255,0.018580518134902534,0.023238668619374403,0.020327006958498376,0.9919489227398164,0.9857968191039105,0.9947200524218877,0.9895529116351539
Agaricus xanthodermus_40.jpg,Agaricus,77.2317260041732,161.20061029596738,83.48765983820459,138.8746736974853,0.25699128437880114,0.19425462578309957,0.25162031551753017,0.1917596214689385,5.439687663015127,7.820857877489946,5.591124086638831,7.442288152482513,8.542716321608037,8.887978490898352,8.568810142442278,8.847177661424713,0.0003227111183664323,0.00022209553294749812,0.00030976731601547346,0.00023029488456381803,0.01796416205578296,0.014902869956739813,0.017600207840121476,0.015175469830084934,0.989200870771594,0.9774851843962216,0.9883289701764745,0.9806034514207879
Agaricus xanthodermus_5.jpg,Agaricus,25.614941966614502,50.93663442030051,32.80165383611691,56.4299874869724,0.4478689875423778,0.3661660637686336,0.4346379861832434,0.36009075740377955,2.550564032342201,3.542238819136111,2.7968782620041757,3.7637912840065213,7.276842163830893,7.578862025786888,7.341369235465195,7.622443786365439,0.001552545862184545,0.0011257241788962303,0.0014562686511813635,0.0010903170484610997,0.03940235858656871,0.033551813347362174,0.038161088181305355,0.03301994924982623,0.9966928171616408,0.9934296679824632,0.9957673138520331,0.9927210863603179
Agaricus xanthodermus_55.jpg,Agaricus,26.12222222222222,47.54078168850729,20.431794754697286,40.30950630715399,0.40175582940600507,0.3398039043494355,0.4471617982019359,0.3500997371297052,2.9342331768388106,3.863225747432869,2.382120955114823,3.557587697374224,7.437223989736935,7.692235351850942,7.249528714804243,7.625800825102142,0.002572892497144132,0.0019700043201401566,0.0028030009557365784,0.002046963496896539,0.050723687732105324,0.04438473070933468,0.05294337499382315,0.04524338069703168,0.9963850803728792,0.9934265690195277,0.9971729657661718,0.9944264367437042
Agaricus xanthodermus_56.jpg,Agaricus,92.15436554512257,162.54473815754653,83.57369193632569,152.974634165466,0.3580435271512488,0.29697022852070165,0.3526468386244215,0.29174719048669884,4.9373728482003125,6.667163267239717,4.849690109603341,6.565396087963643,8.133336223789728,8.417121992927232,8.133458149593984,8.41608306783073,0.0014018616606090006,0.0011410246181102197,0.0014011335130392323,0.0011318840116993573,0.037441443089296124,0.03377905590910172,0.03743171800811756,0.03364348394116396,0.9927220904759586,0.9871753692904518,0.9934018011554034,0.9879304397435753
Agaricus xanthodermus_78.jpg,Agaricus,21.755917449139282,46.48833805430589,23.773965944676412,38.88660517967466,0.3833413398427199,0.28369366885357283,0.3621292558662509,0.30402575425608735,2.8479949139280123,4.282078926820025,3.039010307933194,3.8940574553794587,7.585925396080249,7.983127896851395,7.656466473978143,7.893257616266806,0.0011309701983940876,0.0007293809255338887,0.0010253078884607727,0.0008027450665849553,0.03362990036253583,0.027007053255286642,0.03202042923604824,0.02833275607110885,0.9951908143765088,0.9897313056007934,0.9947454972660943,0.9914104370772736
Agaricus xanthodermus_79.jpg,Agaricus,38.64442488262911,72.03540892770215,36.31292079853862,66.3855678725566,0.3364201372579609,0.2664043846096493,0.3317809783655282,0.26281077427903277,3.614749608763693,4.9439135392265445,3.5835562369519836,4.926869031400185,8.112821835320231,8.418233332346079,8.117584480066572,8.419077420972602,0.0005639982691058832,0.00040766955369904835,0.0005515387689621869,0.0004108408315473946,0.023748647732152735,0.02019082845499531,0.023484862549356913,0.020269208952186434,0.9956092778269032,0.9918189300129616,0.9958742021961694,0.992460585531033
Agaricus xanthodermus_80.jpg,Agaricus,95.5183946270214,153.38885131713502,84.52720511482254,175.37299276988767,0.23502479246184008,0.18288156411326503,0.23229751129832638,0.18713930119225014,6.30154538341158,8.18840437661926,6.098962682672234,8.590709648753108,8.535430468780302,8.781856274412515,8.482860771295197,8.806423279960597,0.00036942180324188033,0.0002756769387209762,0.000378712614256974,0.0002781722747544489,0.01922034867638671,0.016603521877028866,0.019460539927169906,0.01667849737699559,0.9896295919056333,0.9833633122984353,0.9908269331504074,0.9809788636544655
Agaricus xanthodermus_82.jpg,Agaricus,119.84827529994784,212.461214515112,120.67031250000002,220.44634590190174,0.19388372001916426,0.14962303143821432,0.18784013997148108,0.1448142285951997,7.124853286384978,9.584636093060334,7.2062467379958255,9.759874020275678,8.806322105078468,9.08536057605923,8.815853595056856,9.0999998220762,0.0002851915114817074,0.00021002979649838188,0.0002728359402921122,0.00020442161743741894,0.016887614144150364,0.014492404786590177,0.01651774622314171,0.0142976088013842,0.9894512793870109,0.9813178694578614,0.9893840486633054,0.9806157592311193
Agaricus xanthodermus_97.jpg,Agaricus,22.04419992175274,46.3740545803235,23.101441805845514,37.77829071389599,0.5040023908207599,0.42812404031606976,0.5154658439041536,0.4486289840546651,2.298725221700574,3.449234026287159,2.38035621085595,3.041577229556882,6.699019911859816,7.039145167788989,6.723516977094337,6.936922027458962,0.018707653052369405,0.015581709137330202,0.01898524942908117,0.0165068980813635,0.1367759227801787,0.1248267164405529,0.137786971187704,0.12847917372618606,0.9977675445514587,0.9953087884419894,0.9976611013292901,0.9961783359451181
Agaricus_bisporus_000001_1.jpg,Agaricus,281.0558783255087,399.3574478651076,237.65294558977035,416.98317438847886,0.13652015910513338,0.1171839114977326,0.15066384181085335,0.1121448250185687,10.915437532603026,13.074039224911054,9.996891310020876,13.50457885331007,9.152032651970377,9.321116140176299,9.073832463402265,9.355085831534264,0.00017030538307585624,0.0001439032528493369,0.00018438608417441736,0.00013766669532389484,0.013050110462208978,0.011995968191410683,0.013578883760251332,0.01173314515907371,0.9622533385380969,0.946425427932423,0.9680964447551584,0.9440606900663189
Agaricus_bisporus_000005_1.png,Agaricus,30.782241131977045,64.12851826804015,38.722540448851774,71.50745390925931,0.5886761127495392,0.47668459107377037,0.5497838048907903,0.48083628741550455,2.20521974439228,3.5273767401439486,2.6021203027139874,3.655369003629758,6.992168913979642,7.417902806027978,7.141444711246809,7.429511815704105,0.004573864717197921,0.0032416187332638528,0.004214358706706258,0.003306062627326682,0.0676303535196876,0.05693521522980178,0.06491809229102669,0.057498370649320854,0.9929011095504434,0.9852413677309949,0.9910756173732485,0.9835431708105665
Agaricus_bisporus_000008_0.jpg,Agaricus,64.61866523213354,131.88334133775047,71.33371281315242,129.43551870256564,0.3018157407481967,0.22045209996271098,0.2700815805183726,0.21916267295859432,4.495099765258216,6.555320323705162,4.893140005219208,6.565768538393431,8.324374814752508,8.692208811908728,8.419240591581374,8.698030369686963,0.0004200708351752258,0.00028601647032102165,0.0003743244865629265,0.0002841456060675029,0.02049562966037457,0.016912021473526506,0.019347467187281298,0.016856619058028894,0.9866310760924545,0.972697712192459,0.9852380740257202,0.9732046127725735
Agaricus_bisporus_000014_0.jpg,Agaricus,164.14622130933748,263.8510263623028,159.28310934238,317.0037473740611,0.2369283669362856,0.18659371552891277,0.21493864433087964,0.175667339855889,7.265248435054773,9.60975036019877,7.583526878914406,10.568013042299262,8.836730089172379,9.117227389770946,8.906842120375874,9.206924302335645,0.0009743730365478387,0.0008088077446270209,0.0009023064799849145,0.0007564791464019702,0.03121494892752251,0.02843954543636415,0.0300384167356556,0.027504165982664704,0.982151133826602,0.9713115193812586,0.9826705943890197,0.9655323405731235
Agaricus_bisporus_000016_0.jpg,Agaricus,56.5839299687011,97.60033128485597,55.05562695720252,86.61195239168717,0.29571851470177835,0.2337766973282981,0.2851113665976437,0.23819113347576626,4.542269822639541,6.007197441200205,4.505118084551149,5.623005021546584,8.45127049155575,8.726405305459808,8.457634397608771,8.666622055366659,0.00037167968393909316,0.00027719420532895737,0.00035903883778604854,0.00028741093787949373,0.019278995926631997,0.01664915028849693,0.018948320183753718,0.016953198455733766,0.9900926782875485,0.9829276415900753,0.9903586148833362,0.9848497726065313
Agaricus_bisporus_000016_1.jpg,Agaricus,29.50193009911319,66.68851709188091,37.668893528183716,59.84070229775779,0.8009343919801375,0.7697377535881509,0.7957637555045862,0.7735358442923067,1.2881129368805422,2.0205762526912814,1.4451983298538622,1.987212535243939,3.1859325865813117,3.307359633745488,3.2105758013867627,3.299369439834397,0.4491402514874427,0.44599696797831256,0.44881499166639666,0.4459305046859294,0.6701792681719143,0.6678300442315489,0.6699365579414193,0.6677802817438753,0.9954134495890502,0.9896517648528611,0.994146534494778,0.9907143585470052
Agaricus_bisporus_000018_0.jpg,Agaricus,36.266428664580076,115.52941214907165,72.42416166492694,95.21663219866636,0.46663369527957405,0.326837017001676,0.37140557921226003,0.34027011526336987,2.8075671622326555,5.328119027316299,4.230907489561586,4.856106716849462,7.556285146598887,8.173846958804749,7.965006146344329,8.086350304783293,0.001388322842880424,0.000769614145607838,0.0009321273388791264,0.0008295691470741816,0.03726020454694826,0.02774192036625868,0.030530760535550476,0.028802242049433956,0.9921306658297494,0.9749160799382048,0.9842651229645997,0.9793263933637881
Agaricus_bisporus_000019_1.jpg,Agaricus,10.475414058424622,23.927466912353264,14.344121868475993,24.123558796527718,0.659307988991887,0.5328332336960032,0.6035155303224742,0.5521804211052594,1.2076649713093375,1.992606532257801,1.4740996868475993,1.9130001535541246,6.297733372489839,6.73837181683238,6.489932417800761,6.674828100913189,0.004143189501352966,0.0026965609155683423,0.0033902537225068904,0.002867949364533786,0.06436761220794948,0.05192842107717451,0.05822588533038283,0.05355323859986234,0.9943901605089389,0.9871959118817951,0.9923362658072843,0.98709097715924
Agaricus_bisporus_000021_1.jpg,Agaricus,15.631794470526863,39.97392520280579,26.630255088726514,42.381402308539236,0.5508527727069177,0.4300472934377999,0.4687685694418501,0.4141917764209744,1.8526669274908714,3.2090165675099076,2.688338335073069,3.3590846867332504,7.013601904069574,7.492105164734678,7.351224289450709,7.5463909829381315,0.004844398127569295,0.003620681824355052,0.004285679024049892,0.0035664442610283593,0.0696017106655382,0.06017210171130016,0.06546509775483339,0.05971971417403435,0.9989964494405046,0.9974318140486421,0.9982882346549374,0.9972771428346922
Agaricus_bisporus_000023_1.jpg,Agaricus,27.398252477829953,55.12402272601044,34.301611430062636,57.893364828264424,0.860113346700954,0.8324148490728548,0.8502474511840614,0.829440579778997,1.1490349504434014,1.7869191488527545,1.3555454070981212,1.871965264096759,2.9512693336236824,3.0660515420481276,2.9960938738025424,3.083528559120755,0.3087489923218176,0.3029057209912276,0.30712873272193336,0.30250436099988687,0.5556518625198853,0.5503687136740493,0.5541919637832484,0.550003964531063,0.986705186676952,0.9732347943888664,0.9833527968473582,0.9718901596716498
Agaricus_bisporus_000024_1.jpg,Agaricus,103.97010628586332,171.82134794384493,113.94922690501045,180.10964417915517,0.3036528196787299,0.25984459110903785,0.2847173111598868,0.26127491741075864,5.3611143714136675,7.010941548152287,5.764714900835074,7.0754146778140425,8.186732269266123,8.410240137988845,8.254680793594904,8.412747830047138,0.0012832078163619364,0.001160811969893429,0.0012372335354595516,0.0011614439828553965,0.03582189018410302,0.03407069077511386,0.03517433063271498,0.03407996453717927,0.9857190729451516,0.9764106300542439,0.9843446855359733,0.9752727293983576
Agaricus_bisporus_000025_0.jpg,Agaricus,52.91364762649974,90.08712072948012,51.89771985908142,92.60189949719191,0.23361872026229863,0.190495577046069,0.2356953920476935,0.18533764014557924,4.813986697965571,6.233428406206201,4.753180454070981,6.396457146964366,8.466495155499977,8.716391776682043,8.456485322819328,8.745565908196369,0.00030824115537911485,0.00024134849084886368,0.00031313109289091476,0.00023481512670251887,0.017556797981953167,0.015535394776086757,0.01769551052925331,0.015323678628270656,0.9884710713948163,0.9803611373030514,0.988689856584313,0.9798128765702804
Agaricus_bisporus_000026_0.jpg,Agaricus,45.86240545122587,146.61140025026054,107.90212356471818,149.7130955531379,0.3790858497416586,0.2098064253345508,0.25778977328605235,0.21119030649246107,3.8490121283255085,7.752320464190851,6.609502218162841,7.816074829865297,8.219258556497756,8.92661861120217,8.735311550532032,8.936377425475051,0.0007593458838994864,0.00032517278505319214,0.0004150303531105901,0.00032127449563010654,0.027556231307990692,0.018032547935696502,0.020372293761640833,0.0179241316562367,0.9953526538081737,0.9851397855429621,0.9890604968567005,0.984825413565086
Agaricus_bisporus_000028_0.jpg,Agaricus,57.967634976525815,125.28830276952831,79.36394180584551,132.93946046961423,0.4122540929049133,0.35947730167576053,0.4001057053735404,0.3533994837954666,4.300224960876369,6.207196787778399,4.709270615866388,6.4017727333614305,7.275953899423891,7.573218859830444,7.3416054680649605,7.5859643441999225,0.04755290002466741,0.04543508084575111,0.045593890284481506,0.045450296383957665,0.21806627438617693,0.21315506291371808,0.2135272588792389,0.2131907511688949,0.9945552307600305,0.9882181555641701,0.9925327932530016,0.9874986570333117
Agaricus_bisporus_000029_0.jpg,Agaricus,36.95792905581638,114.66581068409995,75.04714900835074,93.62564811275446,0.42514274447606837,0.329272385813425,0.3736607047260083,0.3316165509784399,2.9647430881585812,5.062391981207589,4.067588726513571,4.7350015192057,7.916466778276828,8.364486640864962,8.165741349692023,8.336723636772962,0.0019916066469966853,0.0017197288256601475,0.0018578522337561057,0.0017446190492763863,0.04462742034889184,0.041469613280812584,0.04310281004477673,0.04176863714889901,0.995144612101139,0.9849473935749663,0.9901538255884582,0.9877094133664001
Agaricus_bisporus_000030_0.jpg,Agaricus,126.96551904016692,239.6233938075215,127.32514026617955,249.55470610720693,0.22987218194324924,0.17956459153188165,0.22829146100278214,0.17971242746684074,7.023800208659363,9.710880453213365,6.806377218162839,9.868185218945314,8.90645152138987,9.210542070666314,8.871189637402598,9.224904498975484,0.0009633097293891054,0.0007935851188834929,0.0008831217860065331,0.0007905687741659761,0.0310372313421978,0.028170642855346643,0.02971736505827078,0.02811705486294708,0.9876725060894148,0.9767379759828783,0.9876304103000217,0.975773943326246
Agaricus_subrufescens_000001_0.jpg,Agaricus,88.52187989045383,165.96408467039768,96.72524791231734,159.12654166707506,0.2690401438409819,0.21227072604526104,0.2621778307910334,0.22152199894344116,5.203139671361502,7.308225600412963,5.470296189979124,7.0172503356954525,8.44782683767349,8.774087642254049,8.492871557637358,8.72750754760899,0.0003815260113128587,0.0002774007739417284,0.00037152531966449175,0.0002947536101516417,0.019532690836463334,0.016655352711417683,0.019274992079492324,0.01716838985320527,0.9863030902820527,0.9743488176098783,0.9850394875887171,0.9754056201533163
Agaricus_subrufescens_000003_0.jpg,Agaricus,153.70647822117894,222.50175280399634,143.6866551409186,272.49543094801703,0.17141374518288352,0.14461293102975142,0.17981392510196548,0.14264484085574253,8.086329551382368,9.773729829685607,7.830294232776619,10.785524093295564,8.99025343794082,9.172753950130978,8.95350120480644,9.249885224429372,0.0001862713096147258,0.00015430271896743996,0.0001943208692454569,0.00014660691336881672,0.013648124765502614,0.012421864552773065,0.013939902052936272,0.01210813418197935,0.9715175193767636,0.958816783452521,0.9733897896827304,0.9495634875803648
Agaricus_subrufescens_000003_1.jpg,Agaricus,84.10462310902452,141.12256886249065,78.97498368997913,149.4569476707146,0.2558629741062638,0.21654437406881016,0.2653629120860994,0.20362231802769126,5.267951225873761,6.684710909857195,5.100877479123174,7.272199189103537,8.487070125191618,8.70429602363361,8.457396708310224,8.804584932510531,0.00042941572308374484,0.0003489746821461165,0.0004420254381079313,0.0003203515520850261,0.02072234839692994,0.018680864063156086,0.02102440101662664,0.017898367302215754,0.9876984212868976,0.9793771572299833,0.9884541661596821,0.9781591406653701
Agaricus_subrufescens_000005_0.jpg,Agaricus,44.72120174752217,74.62635707541467,41.245919232776615,76.96243151322689,0.3208835105829427,0.2708718550302285,0.3325107690745923,0.2507123724140763,3.7474928273343764,4.895932775964532,3.7089476774530272,5.2328893332157165,7.929572712648471,8.188698541004475,7.927251431463719,8.263757666292387,0.0007742226353214341,0.0006014814485380972,0.0007692433698318005,0.0005454390343197617,0.027824856429484665,0.024525118726279334,0.027735236970896797,0.023354636248928428,0.9935683243286315,0.9892775599069624,0.9940685584204179,0.9889419036546361
Agaricus_subrufescens_000005_1.jpg,Agaricus,44.50221048513302,79.9096840378854,42.71063087160752,71.35190684818724,0.6036835820930136,0.5568613335850706,0.6025050814590898,0.5605626272293429,2.8610459050599895,3.9109647446264226,2.844477426931107,3.7789179988303747,6.662111428441641,6.905187599853949,6.66397022715802,6.8775626721855385,0.008872321663363507,0.007547535547742819,0.008754601590199794,0.007762825187939333,0.0941930021995451,0.08687655349829906,0.09356602797062508,0.08810689636991723,0.9909688621981151,0.9837653478662373,0.9913177606155422,0.9855040060586757
Agaricus_subrufescens_000007_1.jpg,Agaricus,36.04056468440271,64.89044076567967,37.99832006784968,65.45990767149871,0.5794163979218037,0.5432848266417356,0.5810686996309582,0.5440621401799781,2.7827008346374544,3.7796694339080177,2.8087911012526097,3.7541565794675265,5.450331775368003,5.63298502571166,5.454781845183621,5.622420734241393,0.17207048111691264,0.17003037496457526,0.17204642081997318,0.17006326029279029,0.4148137908952795,0.4123473959716191,0.4147847885590468,0.4123872697996269,0.9944553311404656,0.9900253710943717,0.9941551981668643,0.9899378354292812
Amanita_bisporigera_000001_0.jpg,Agaricus,70.52420774647888,111.14015897752556,68.02540448851775,125.7804241360947,0.4137147561373061,0.3607060007868424,0.41769899499345803,0.3553215593640118,3.829450312989046,4.8597234065492465,3.8346163883089774,5.254765895302223,7.2033621140876,7.436212573524041,7.209337631951343,7.481105922597305,0.004300257983770055,0.0035095678924149075,0.0043479932528269795,0.003518259272801376,0.06557635232132125,0.05924160609246602,0.06593931492536892,0.059314916107176416,0.9900322818556935,0.9843110285808557,0.9903879664500037,0.9822443645711526
Amanita_bisporigera_000002_0.jpg,Agaricus,80.56979655712048,142.2599932697554,63.17313087160752,117.96244784877206,0.30612790519697275,0.24913247211934214,0.32934028389940445,0.2577103186790868,4.850169535732915,6.574968717431007,4.30218880480167,5.945700647867721,8.244316951109415,8.538169270983516,8.141323381317005,8.449784932017293,0.0005749089090258914,0.00042383482185730513,0.0006163011342138339,0.00045546866076315485,0.023977258163223988,0.020587249011397933,0.024825413072370697,0.021341711758037472,0.9915747682118711,0.9851379181490987,0.9933958798207352,0.9876763311316259
Amanita_bisporigera_000003_0.jpg,Agaricus,39.273917579551394,111.74987993374302,73.89170798538623,107.70766561792466,0.39551095799842806,0.29041017231733324,0.3399362692542069,0.29382117633759974,3.084076682316119,5.280919103113229,4.105975991649269,5.153204543895243,7.685675240124748,8.152031347121728,7.912301488066014,8.126450238273012,0.001513863172763518,0.0011131401663074369,0.0012769877216528432,0.0011263335683121564,0.038908394631024266,0.033363755278856676,0.03573496497343803,0.03356089343733502,0.9966651230692668,0.990503652442918,0.9937166809461244,0.990847145929855
Amanita_bisporigera_000009_0.jpg,Agaricus,107.82792775169534,263.3079544303632,164.060510177453,254.65573491984148,0.3123929962349289,0.2271802019678699,0.2689472782784305,0.227677394101175,5.516757955138237,8.889078381212816,6.81972860125261,8.764732211408091,8.347767465055632,8.789792763225874,8.542235944766025,8.779715807091629,0.0013622630474774205,0.0010544245124737112,0.0011490798411444825,0.001058020732993187,0.03690884782104991,0.032471903431639346,0.033898080198508034,0.032527230638238896,0.9902191644100126,0.9760894584520935,0.9850954383138242,0.9768751500439252
Amanita_bisporigera_000010_1.jpg,Agaricus,48.233789775691186,127.41433150048516,86.28844598121087,121.33259169958279,0.3069637666610707,0.22564828677808665,0.2693769125542241,0.2260981643474737,4.151167188315076,6.519091351635678,5.221535751565762,6.471394826859558,7.890397299007693,8.316882377265689,8.10924495939839,8.307030533434862,0.000783204029045163,0.000523375190217501,0.0006697161493263113,0.0005330942901471356,0.027985782623417253,0.02287739474279143,0.025878874576115384,0.02308883475074339,0.9959520684164469,0.9893181957201936,0.9927603042349564,0.9898280620382962
Amanita_bisporigera_000015_0.jpg,Agaricus,49.63906820552947,147.26577278563516,106.76751043841338,152.71302694384818,0.3802085163866621,0.28427268556859103,0.33208353156860515,0.2892998390799739,3.6247489567031823,6.199231575955384,5.108292014613778,6.4340419692826405,7.952524932504193,8.407483174788544,8.20085567952325,8.420298052010542,0.0011577961415127098,0.0008469197630917964,0.0010113165177301844,0.0008862527859177235,0.03402640359357288,0.02910188590266611,0.03180120308620704,0.02976999808393886,0.9967001995547341,0.9902117395987254,0.9929006086854376,0.989849695791759
Amanita_bisporigera_000024_0.jpg,Agaricus,40.08462441314554,113.76095216625663,90.55613909185803,124.5036477272356,0.4286077294420675,0.28784524380602977,0.30792797414856576,0.2891534646472052,2.959494001043297,5.5665918498698055,4.98589509394572,5.735360901199355,7.9907678867535665,8.622284516803955,8.520010329867155,8.639342027767558,0.0006417968296117244,0.0003568542566904456,0.0003947190408223138,0.0003606148141360145,0.025333709353581136,0.018890586457027892,0.019867537361794838,0.018989860824556205,0.9952569358295303,0.9865454180599618,0.9892886237180779,0.9852748928982958
Amanita_bisporigera_000026_1.jpg,Agaricus,123.77762454355764,225.72495189181947,104.86708311586641,182.6849494088166,0.30327863476062555,0.2277659026698215,0.2918780893384191,0.2508603529117399,6.183675665101722,8.934912653839996,6.056964378914405,7.6874291445728415,8.387930506417472,8.722412828581145,8.360621861543859,8.607121553181159,0.0005965093541770922,0.00043149164600268775,0.0006233516429775249,0.0004816465265315041,0.02442354098358983,0.02077237699452539,0.02496701109419237,0.02194644678601764,0.9869048721326599,0.9761237648404794,0.9889073007412962,0.9806763926602656
Amanita amerirubescens_102.jpg,Amanita,36.02140714658321,74.39863957579857,45.58961704070981,77.03100159761631,0.30148492811202804,0.2274004108024021,0.28077128510742505,0.2249736823143658,3.799432707355243,5.545277230537014,4.286798669102296,5.6042485485868125,8.221661354377218,8.587631732267697,8.329222742364628,8.591902295557341,0.0004244637133937924,0.0002941456190299035,0.0003864922430953791,0.0002931226067213698,0.020602517161594416,0.017150674010950807,0.0196594059700536,0.01712082377461347,0.9940235078590677,0.9876394661776348,0.9924342643065445,0.9872020819288606
Amanita amerirubescens_12.jpg,Amanita,26.026643192488265,97.29789500164989,74.89341075156578,96.71964610674952,0.380904307999447,0.2386981167778794,0.2659516487400833,0.24122051854945795,2.976577986437142,6.032099346251481,5.273101513569938,5.965368644247764,7.901943554648087,8.584247457884512,8.448748499152282,8.56433438950092,0.0007023815889405098,0.00035530326023792974,0.00041600549614504665,0.00037218657380972054,0.02650248269390077,0.018849489654574995,0.020396212789266704,0.019292137616389753,0.9960297274750902,0.9851651056255323,0.9885785893879835,0.9852533199888327
Amanita amerirubescens_168.jpg,Amanita,45.55639019300992,125.67349165743707,85.21385699373697,119.91640448116675,0.3002105599255939,0.19404293068644482,0.2325500495425831,0.20336615139309652,4.164619196661451,7.236450482061937,5.957620041753653,7.109618042282925,8.363720569530244,8.902352319645075,8.71817725546937,8.888279180361998,0.00038787884456340047,0.0002273854292966712,0.00027919988102537797,0.0002329935069546205,0.01969463999578059,0.01507930466887221,0.01670927529922761,0.015264124834218977,0.9938802008370593,0.9831199011102175,0.9885553700447349,0.983893146714773
Amanita amerirubescens_178.jpg,Amanita,112.14232198748044,226.49407509776822,125.87210986430063,210.7090182010644,0.15676958173662575,0.10809295035442763,0.1438744514465393,0.1163305373105426,7.5136248043818465,10.891381693081241,8.07436717118998,10.389109418748633,8.836745333027304,9.192608992583214,8.90612810284295,9.14487150177276,0.00022524853386728143,0.00015108796591124893,0.00020404563406789493,0.00016299609005517574,0.015008282175761537,0.012291784488480464,0.014284454279666932,0.012766992208628302,0.9766882955966478,0.9529364274270966,0.9738411589282504,0.9562164467413261
Amanita amerirubescens_190.jpg,Amanita,82.98487545644235,159.23429092299097,86.86494650313153,148.0535740539269,0.2657499755874011,0.21188638861815517,0.26570696381768255,0.21353540373519775,5.487281559728743,7.631741271101441,5.641473121085594,7.43870413387306,8.466814546999302,8.777459434019137,8.489500946782526,8.761058325702399,0.00039843065136627257,0.0002927211468533976,0.0003974248624322947,0.00029692849131403255,0.019960727726369913,0.017109095442290268,0.019935517611346206,0.017231613137313424,0.982191397450478,0.9657659062486937,0.9813258376560796,0.9681696482738281
Amanita amerirubescens_204.jpg,Amanita,94.53084898278561,164.92255644747632,91.45305649791233,179.59259150355624,0.1889707804831723,0.1429111663794144,0.18815663077877087,0.1443297485433027,6.517599113197704,8.821119246212604,6.583086508350731,9.138665908697371,8.576574794975887,8.870082998757947,8.597323571638874,8.905230563312486,0.0003230672037390109,0.00023417388072930983,0.00031607806403321023,0.0002369528303179115,0.01797407031640332,0.01530274095478682,0.017778584421522716,0.015393272242051444,0.9737409375193157,0.9541837512253034,0.9745747472827719,0.9501083591934985
Amanita amerirubescens_232.jpg,Amanita,25.573591549295777,104.27184960843698,79.12333637787056,96.00814490281984,0.3739544570155789,0.21737806461255488,0.2380860131913487,0.21825308739703053,3.0342723004694836,6.465563037235242,5.665957724425887,6.246898696750207,8.080501533822343,8.817506585238654,8.692882503551168,8.788436553696977,0.000476724682832257,0.00022435243847391623,0.0002519783997863966,0.00022704533426294886,0.02183402580451569,0.014978399062447103,0.01587382750902871,0.015068023568568933,0.995899323062935,0.9832857186025474,0.9873250965862582,0.984610371861159
Amanita amerirubescens_233.jpg,Amanita,64.08150756390194,113.86136676239295,62.20123303757829,121.35602993978718,0.22184370078500246,0.17166021905843537,0.22774112672942526,0.17565335786022124,5.420331246739697,7.350573867701687,5.3866127348643005,7.427507751216181,8.62848125614897,8.922852518301285,8.620813968500055,8.930356583123451,0.00026333069494582017,0.00019326023042288336,0.0002690856835965591,0.00019818476103993668,0.016227467299175808,0.013901806732323801,0.016403831369425834,0.014077810946306129,0.987332308657126,0.9774642384756008,0.9877012771861354,0.9759808885146753
Amanita amerirubescens_240.jpg,Amanita,32.26315206051122,94.47341063313306,71.20443632567851,104.08645750634636,0.33899139506162734,0.22518197310300606,0.2602387017916239,0.23012456604548126,3.509063641105895,6.244732603461175,5.271203027139876,6.348865169677308,8.118077564520307,8.66824988106152,8.50567231283165,8.67508229320388,0.0008325818437985474,0.0006081487020214423,0.0006753697082069166,0.0006169951222787538,0.028854494343144316,0.024660671159184664,0.025987876177304612,0.024839386511722746,0.9957529898822919,0.9875582158351117,0.9906203003281409,0.9862921977504777
Amanita amerirubescens_250.jpg,Amanita,46.622717788210764,80.19875457803653,38.450570850730685,78.39549988401762,0.2948951497784801,0.22864964404564297,0.2905408192038926,0.23041921853954206,4.030855503390716,5.468392353658018,3.9285784185803756,5.404154455846655,8.065453881603247,8.37169606662322,8.072319931391988,8.361252576079998,0.0005733930362845656,0.0004111697669126166,0.000551416230992186,0.00041609844437922737,0.023945626663016476,0.02027732149255953,0.023482253533087194,0.02039849122801065,0.9928270809906673,0.9876503028430971,0.9940826710936556,0.9879279817499177
Amanita amerirubescens_254.jpg,Amanita,98.68829225352114,181.95984396287253,106.26417014613779,187.24989463573365,0.22276505106733865,0.15912520296400037,0.19976720618444854,0.15592916700192677,6.140313641105895,8.671250420640288,6.663726513569937,8.874170562694188,8.53913414774547,8.886496634243993,8.637805811045205,8.911478481768004,0.0003759893751212623,0.00025205883192176064,0.0003242372030520646,0.00024476149747070777,0.01939044545958814,0.015876360789606685,0.018006587768149316,0.01564485530360405,0.9707281660257715,0.9460569810222625,0.96847775853854,0.9444883894713437
Amanita amerirubescens_255.jpg,Amanita,28.300932446531036,93.41979737389775,64.59017810542798,85.19541559260459,0.3193579087812845,0.20081552624009602,0.2282384582648796,0.1965673543353687,3.4354003651538867,6.390912862934975,5.36924256263048,6.253808632355488,8.11473992902706,8.717351718259225,8.549073671473671,8.699220436361928,0.00046416699061352617,0.00025013428811502517,0.0002919626053698854,0.00024789010066131697,0.021544535052154784,0.01581563429379376,0.017086913277999785,0.015744526053880343,0.9937458541621547,0.9793634356980585,0.9857285773376697,0.9811802420264659
Amanita amerirubescens_29.jpg,Amanita,90.33883672404801,259.5496910948409,180.61607189457203,234.12864895240148,0.23118261940679813,0.15987460940403012,0.18407837289144752,0.1572412765726205,6.166601460615546,10.652915404745801,8.876386351774531,10.172964019328216,8.736144380769495,9.242946573879134,9.070045435600248,9.212193340078946,0.0004265039057557248,0.00027254211792453127,0.00032111629949767864,0.0002688669738384453,0.02065197098961077,0.016508849685078947,0.017919718175732527,0.016397163591257036,0.9904080141339646,0.9724577061554379,0.980825486322994,0.9751552077951323
Amanita amerirubescens_37.jpg,Amanita,28.67984806990088,89.75068037545617,66.88744128392484,90.42172496822735,0.4547218409852448,0.3224827582064843,0.353937528828755,0.32789614156835184,3.074494653103807,5.6951787271996634,4.909916492693111,5.690585171898941,7.463205746310366,8.055064348527956,7.907946141966223,8.049668700206816,0.0026039861446325308,0.0015258207153721636,0.001853356225616689,0.0016044995751627392,0.051029267529845365,0.03906175514966223,0.04305062398638014,0.040056205201725474,0.9930230470677036,0.9781846835795996,0.9837374962431401,0.9780215702067545
Amanita amerirubescens_4.jpg,Amanita,103.70286254564424,204.85878247914766,136.7634655532359,222.04228292510805,0.2216005631547983,0.16831044979903353,0.2053829611080627,0.16525008146134423,6.509128847157017,9.360407865891709,7.530545407098121,9.609652346927774,8.85885486480356,9.2058723084171,8.986151585815016,9.222937108465999,0.00022384710973583148,0.00015824578582654538,0.0002025953531405541,0.00015643156316164154,0.014961520970002732,0.012579578125936712,0.01423359944429216,0.012507260417918928,0.9857006553564405,0.971768941459955,0.9811403599569479,0.9694009350625191
Amanita amerirubescens_61.jpg,Amanita,58.66275430359937,154.38503206667514,106.03696503131522,152.2857805613547,0.2343496156006013,0.1418767005664922,0.16626870124337675,0.14623891204269168,5.062617370892019,8.589657639644406,7.116642745302714,8.410721345003449,8.33054989134892,8.852107763700419,8.672776730252906,8.82722603053187,0.0003898622431180915,0.00021684413772150106,0.0002599880533353346,0.00022722917258966417,0.01974492955465001,0.014725628601913775,0.016124145041996323,0.015074122614257328,0.9836696121084217,0.9570447900171826,0.9704922784755138,0.9576288815832507
Amanita amerirubescens_62.jpg,Amanita,50.7446628847157,190.9027022258814,144.9747357776618,183.36484459995881,0.2474669754709961,0.1406698481925455,0.16502865137731687,0.1479532622093332,4.767628455920709,9.559894276351685,8.265589117954072,9.258905322447326,8.342862312830642,9.01723780348915,8.87710064633939,8.983820894486222,0.0003792799932188428,0.00018894911332029726,0.00022196120986713367,0.0002000474383343548,0.019475112149069714,0.013745876229629644,0.014898362657256456,0.014143812722683894,0.9880656832611779,0.9551114990404258,0.9659013081662748,0.9568837935857455
Amanita amerirubescens_64.jpg,Amanita,19.337780386019823,38.15562220457983,24.352991257828812,44.615082282140996,0.3851425908384426,0.29940355809647123,0.36412499217733973,0.2949036733270941,2.7081246739697447,3.918992031521068,3.0513080636743215,4.0769632874957935,7.7267523014830815,8.074588582348618,7.817845643782242,8.107051007960084,0.0007313855474614336,0.0005219654268149726,0.0006950166701863169,0.0005119267312713714,0.027044140723295935,0.022846562691463516,0.026363168819136994,0.022625797914579086,0.9964353511361355,0.992957271796815,0.9955086695045944,0.9917649956493682
Amanita augusta_103.jpg,Amanita,26.232293296817943,59.58869710958864,36.48452505219207,57.99101871726765,0.36993631969817253,0.28842052174874233,0.3754726979522009,0.3061051171915021,3.167198095983307,4.791333013156649,3.607150313152401,4.651157700085925,7.829738533622418,8.215647925929806,7.9164920053740495,8.16962412464147,0.0008619617596783196,0.0006169690510302489,0.0008616583071567146,0.0006620267062727949,0.029359185269321075,0.024838861709632527,0.029354016882817156,0.025729879639687297,0.9961820046519335,0.9913238975191683,0.9946927884040615,0.9915565162193787
Amanita augusta_143.jpg,Amanita,42.57152777777778,114.79105530888882,75.89516897181628,110.66492203044291,0.36785333527073916,0.24508863876757087,0.2826044075271106,0.2544644718279893,3.626659494001043,6.277328550285709,5.111863909185804,6.097849915545231,8.01684492569299,8.550286220919578,8.355448933059762,8.522683743131122,0.0011589287650082764,0.0007061617008312986,0.0008461494969022538,0.0007196154951010251,0.0340430428282825,0.026573703182494128,0.029088648935663097,0.026825649947410875,0.995755740317425,0.988563778005971,0.992437475798217,0.9889748536511578
Amanita augusta_265.jpg,Amanita,91.3544829160146,294.107367004159,210.8575319676409,275.7159150682336,0.21105306095452833,0.11802935972781523,0.13419696893244454,0.12105660924677489,6.2685413406364106,11.756806204893476,10.03396072546973,11.406042844867862,8.702682068614061,9.310153144630153,9.160770800537907,9.280169821601852,0.00028866445864079163,0.00015472024320757188,0.00017815304497874725,0.00015792366581123964,0.016990128270286592,0.012438659220654446,0.01334739843485416,0.012566768312149295,0.9858829631725532,0.954597812533064,0.9674428869963025,0.9574369434755428
Amanita augusta_38.jpg,Amanita,284.76497456964006,390.8839653555758,189.69181236951985,443.83624269392743,0.1228824606195603,0.1064650617095551,0.17145050449265656,0.1034186240489192,11.614609415753783,13.559021958239814,8.882750521920668,14.45471950235395,9.239557709839698,9.379765540915596,8.95905290517763,9.441334011774053,0.00015731298384964826,0.00013685934587735489,0.00022946529320344062,0.0001288620210861954,0.012542447283112186,0.01169868992141235,0.015148111869254221,0.011351740883503086,0.9456411975592933,0.9254391032494318,0.9638011223415671,0.9153386283136058
Amanita augusta_46.jpg,Amanita,34.73393648930621,124.35075682580755,97.50620433194156,127.11668153201275,0.3751117430990294,0.21830413297573048,0.23196674333378617,0.20997854944150426,3.227331116327595,6.625945419676491,5.95240735908142,6.738049731933704,8.103656713224375,8.810550736793576,8.711814617800378,8.829576028898526,0.0005895354775086405,0.0002944275674408086,0.00032224705702868614,0.00028432049958101557,0.024280351675967142,0.01715889178941369,0.017951241099954236,0.016861805940675975,0.9965427637293597,0.9876165444883294,0.9902944861306551,0.987341080141702
Amanita augusta_66.jpg,Amanita,17.072417840375586,62.50980622776325,48.78503066283925,64.04547815774256,0.5694464373523749,0.4221535071272282,0.46849334076431237,0.4375713106979229,1.9177882107459572,3.704829767283824,3.1393887004175367,3.621224447123474,6.752424505011254,7.326174950817031,7.156461910569468,7.284527707133064,0.0061621819404358204,0.003802822963494087,0.004435471434769042,0.0040050573392754535,0.07849956649839425,0.06166703303625112,0.06659933509254459,0.06328552235128863,0.9976279332024611,0.9913250079669975,0.9932237770781065,0.9911118852683212
Amanita flavoconia_116.jpg,Amanita,40.59536711006781,90.03658835406314,52.11464966075156,86.04562191054,0.28348693812334125,0.20526663958097835,0.2551605172088029,0.21001831372257443,4.20667383933229,6.47666794083919,4.884606602296451,6.233872733034718,8.283423966313809,8.699521146778327,8.426555283476041,8.665696668929588,0.000411184161574336,0.0002691260158422709,0.00035798157537129645,0.00027914474566618765,0.0202776764343042,0.01640506067779912,0.0189204010362174,0.016707625374845693,0.990898213828327,0.9798132410351813,0.9883167355325002,0.9807080052326258
Amanita flavoconia_118.jpg,Amanita,37.948800208659364,68.60375194801375,32.657910360125264,64.4184741947393,0.2975282469374397,0.23570221179280096,0.32986783266409736,0.2504520595283807,4.026369327073553,5.471247806953061,3.628891570981211,5.214982308604585,8.175141982196987,8.466919920466362,8.050708254268883,8.416532929472838,0.00045087668166643945,0.00033557132253317037,0.0005284370523682423,0.00035810072921902124,0.021233856966327135,0.018318605911290586,0.0229877587504359,0.018923549593536124,0.9912367526622945,0.9841622389543838,0.9924616822905582,0.9851284282063859
Amanita flavoconia_161.jpg,Amanita,36.02293296817945,73.35924477507587,40.21014157098121,71.79345990113728,0.28567524424418755,0.21119747453180598,0.26195352814652595,0.21214891979001213,3.910543818466354,5.73518447731156,4.257368867432151,5.6830512184683135,8.1389059598858,8.510856818657935,8.224316774084269,8.505810348008287,0.00045091855155352987,0.00030575882051418095,0.00040533617489763165,0.0003076916953790365,0.021234842866231195,0.01748596066889609,0.020132962397462317,0.017541142932518294,0.9912516588844874,0.9821915686058356,0.9902335055004154,0.9825716415338606
Amanita flavoconia_167.jpg,Amanita,61.20553599374023,146.99396891672467,90.69590944676409,136.7613213495774,0.3312061932555332,0.24049842685353534,0.2775659068989468,0.24001734315940654,4.4834376630151285,7.206108840470333,5.739966075156577,7.061346506316955,8.330500218246925,8.790859380334396,8.58059801447364,8.781946493073914,0.0005099895746851132,0.0003217760936425414,0.00039287729492038534,0.0003224380578525358,0.022582948759741567,0.017938118453242006,0.019821132533747544,0.017956560301253015,0.9904214188472278,0.9769960238752945,0.985802213957579,0.9785973557595603
Amanita flavoconia_180.jpg,Amanita,54.69702008346374,139.0882380807695,87.89244519832988,131.25649746308983,0.2677462847065223,0.18106903310061284,0.2250663869407038,0.19119269029492514,4.664162754303599,7.610753362671973,5.928764352818373,7.278641928117066,8.548322539265175,9.027581276197136,8.779738322564882,8.976103488077005,0.0003213412162329937,0.0001998975860282087,0.0002598195742672545,0.00021530188861316134,0.01792599275446115,0.01413851427937917,0.016118919761176756,0.014673169003768796,0.9915552295805201,0.9785280760177874,0.9864282584420065,0.9797371172020434
Amanita flavoconia_196.jpg,Amanita,200.4191934011476,387.39460469614244,231.4672560020877,380.77021442036585,0.1416416948878168,0.1023377937799562,0.12787032631155487,0.10190480902330754,9.616109154929578,13.614644489530548,10.564222338204594,13.562305402818208,9.262254921362802,9.594779622277333,9.354351873345758,9.588806984601229,0.0001332673064666035,9.381377726431353e-05,0.00011986203803653501,9.372163394692579e-05,0.011544145982557718,0.009685751249351468,0.010948152265863634,0.009680993438016875,0.9679328868265206,0.9380396245888094,0.9629888822768052,0.939099477146762
Amanita flavoconia_2.jpg,Amanita,66.34570618153364,218.99407673132276,181.21229123173276,249.54652853329674,0.29691665431458775,0.18715979143080477,0.19856629280647162,0.17694427875545835,4.97204942618675,9.303112574775959,8.542516962421711,10.05174120575926,8.348448033136807,8.950472482422082,8.870639768951355,9.025671505263798,0.0005505995225723143,0.00030895854457635153,0.00033225824211922944,0.0002817481666381914,0.023464857182014007,0.01757721663336808,0.0182279522195783,0.016785355719739496,0.9895193455830119,0.9654195294948127,0.9713730363137347,0.9605951286124165
Amanita flavoconia_232.jpg,Amanita,19.19054186228482,32.901839709096606,20.920596294363257,42.305157785030765,0.566315866416548,0.44164233825140853,0.4881779501842143,0.4352129037279623,1.9337147887323944,2.803819903881652,2.296046450939457,3.141197918198124,7.365553399012571,7.779726974450095,7.600334309163893,7.846371555525623,0.0014410625523315125,0.0009018737226988004,0.0010885622684249437,0.0008891297815465066,0.037961329696567694,0.030031212474670423,0.032993367036799136,0.02981827931901012,0.9966951478924397,0.9943367764613548,0.9963977652988079,0.9927182013218663
Amanita flavoconia_239.jpg,Amanita,22.673712180490348,50.845442872964995,25.039982385177453,40.73025440978042,0.41586046964877993,0.33247470376890265,0.40325777801618323,0.3406608940445637,2.738905190401669,4.0977976418007,2.9182639613778707,3.8141701052989245,7.70058803562714,8.07224670853694,7.763764485728408,8.023564266061301,0.0009770499296883526,0.0007181079151493462,0.000957445619019432,0.0007284519778630012,0.031257797902097206,0.026797535617092597,0.030942618166849293,0.026989849533908136,0.9961347229366044,0.9913038780055657,0.9957258562176632,0.9930338664591809
Amanita flavoconia_267.jpg,Amanita,69.50242892540429,149.15504719338998,90.65625326200417,149.69853404817678,0.2423372096111131,0.17219916462681809,0.20684026165015007,0.17200125322254137,5.355597939488785,8.18540843763579,6.419575287056367,8.144991031785704,8.53756760984622,8.953901279528761,8.715756859708227,8.942533584459152,0.00030656164567997835,0.0001976632826998292,0.0002499366784295173,0.0001993841558851832,0.017508901898176776,0.014059277460091226,0.015809385770153037,0.014120345459130353,0.985171130663003,0.9681807193197762,0.980656952739599,0.9680647091858708
Amanita flavoconia_312.jpg,Amanita,6.983499608763694,16.195395989950374,9.174262787056367,14.980577036797449,0.578087968538573,0.4690459282181906,0.5211305244570633,0.44255339488617773,1.3649680490349505,2.062633747276048,1.6597794885177453,2.2252344967508604,7.024761080775917,7.386133918607932,7.201228044239437,7.481716191238834,0.0017381576174392613,0.0012212082612640994,0.0015258845404854217,0.0011720986483368086,0.04169121750967776,0.0349457903224995,0.03906257211814682,0.03423592628127372,0.9990314786671627,0.9977531856322838,0.9987274995197654,0.9979217138275956
Amanita flavoconia_65.jpg,Amanita,42.16903038601983,101.70803806835445,64.82270028705638,93.28978603702942,0.32221000541264944,0.22254275567051474,0.262895527622635,0.23702477506183156,3.974207746478873,6.319209620982681,5.066169754697287,5.991619865329765,8.100661258969138,8.559449602215821,8.345947521025014,8.497571207367379,0.0005300240392890098,0.00032306787197020786,0.00040268110396913056,0.00035098515700140445,0.02302225096051665,0.017974088905149208,0.020066915656600806,0.018734597860680234,0.9897382397726407,0.9752748908897848,0.9842412686783677,0.9773213165719117
Amanita flavoconia_86.jpg,Amanita,186.42599113197704,421.3617506477044,244.22710073068896,351.48231677235765,0.13145565063701614,0.09101484143216426,0.11863748586508813,0.0958412109191035,9.5886802295253,14.558185578327304,11.042608298538623,13.408016178723932,9.158389338986005,9.547324605617668,9.288005151383842,9.474964429277145,0.00014909407595372267,9.941695021860345e-05,0.0001309797199276584,0.00010686948465052132,0.012210408508879736,0.00997080489321717,0.011444637168895237,0.010337769810288935,0.9606317411767409,0.9110111110079316,0.9483818442049874,0.9257690436466499
Amanita flavoconia_92.jpg,Amanita,14.452285472091805,43.30723893348493,34.28614626826723,50.96367301465952,0.5063354405446486,0.35610238899108493,0.3835941681292687,0.34279492567416914,1.9524028429838285,3.5740179887023364,3.1820296189979125,3.850287995661279,6.728139167744511,7.291960710094855,7.176648609805548,7.341793764540579,0.004257907246696769,0.0024735680299942044,0.0027420044144825084,0.0023724508981420285,0.06525264168366496,0.049734977932981976,0.052364151998122804,0.04870781146943505,0.9970851736371289,0.9912771149298341,0.9930885266196512,0.9897349721447628
Amanita flavoconia_96.jpg,Amanita,19.595774647887325,51.51144631649792,33.17567197286012,48.94698135460874,0.443286777924354,0.2965854847872463,0.34167151130009393,0.30867043646116016,2.430079551382368,4.244441830757218,3.4063674321503132,4.045958422770443,7.547836239141057,8.101734469824237,7.893514510099383,8.050290944994888,0.0010287123372552886,0.0005782490307697337,0.0007079550241299779,0.0006173965020917154,0.03207354575433294,0.024046809159839352,0.0266074242295262,0.024847464701488468,0.9968289280495113,0.9916678109969661,0.9946320642022489,0.9920826263329221
Amanita muscaria_1.jpg,Amanita,84.93534494001042,146.40965953456765,74.34556367432151,158.39605529255329,0.3146321078138506,0.272985947593638,0.3485937060646834,0.26577943762649275,5.341572117892541,6.898595469826614,4.689966075156577,7.142432885412684,8.416987366798113,8.635111616147384,8.253819117652537,8.68097282561569,0.0005863697303170245,0.0004845175180344799,0.0006914154254508107,0.00045420058405567474,0.024215072378934253,0.022011758631115323,0.02629477943339344,0.021311982170968396,0.9854215569119165,0.9748730984609307,0.987235736217444,0.9728160770553973
Amanita muscaria_109.jpg,Amanita,74.20417644757433,255.73369467559237,193.90068175887268,252.79329981279466,0.26205589627032566,0.15875647984349278,0.17560335003755717,0.15594560041362812,5.293873891497131,10.180118988110989,8.92959616388309,10.186525788925154,8.602699896985406,9.224625963830647,9.103876695798277,9.239064952949914,0.00032231833970869595,0.0001718348357054557,0.000195192287016665,0.0001687688995772716,0.01795322644286246,0.013108578706536254,0.013971123326943507,0.01299110848146807,0.9910382191590171,0.9691258377281673,0.9765912512299644,0.9694807234524102
Amanita muscaria_181.jpg,Amanita,98.08909428794992,181.45803561802268,102.84669232776619,190.93363521420798,0.25851863572384526,0.19762175153884914,0.24366770613486394,0.19556563788554787,5.619891105894627,7.808433061836571,5.9204592901878925,8.000653421806645,8.6047728384751,8.92110552843723,8.663682779261773,8.946761469528054,0.00033320857616379705,0.0002419112562265217,0.00031250066504195267,0.00023381232561570241,0.018254001647961936,0.01555349659165172,0.017677688339880662,0.015290922981157888,0.9852208610328328,0.9726391102311439,0.9844948561245758,0.9712104313658599
Amanita muscaria_185.jpg,Amanita,103.23513954094938,422.523054354893,353.34278770876824,441.6728120987582,0.21252120541032388,0.12458591832562338,0.13233980747138482,0.11601603974055454,6.686137193531559,13.78387747034282,12.839493084551147,14.583374988973507,8.787785909916266,9.449775249085206,9.385027902856862,9.513837223903245,0.00028314284203550096,0.00015058631986580767,0.00015742017589761637,0.00013186711540619995,0.01682684884449554,0.012271361777154469,0.012546719726590548,0.011483340777238999,0.9854792369307976,0.9405876039816563,0.9502957662114184,0.9378950255783562
Amanita muscaria_186.jpg,Amanita,66.92865479916537,248.36883047297937,190.5989039665971,237.8988470372222,0.3119489188106024,0.17627127057625352,0.18911508042658892,0.17566322723131933,4.796338680229525,9.75431340070112,8.727883611691023,9.727075512691085,8.43448417783115,9.144267084843202,9.050391006842592,9.151180097501872,0.0004263600291736703,0.00019796756112173633,0.00021375290562681426,0.00019273996891893945,0.020648487333789618,0.014070094566908081,0.014620290887216104,0.013883082111654439,0.9880335613894505,0.9556404423982912,0.9659376652413837,0.9575104679095457
Amanita muscaria_193.jpg,Amanita,43.43330399061033,164.74340125653015,124.30176474425886,160.24808792443827,0.3312082125908418,0.19082822039612934,0.21440583062308366,0.19910332550780951,3.7411547991653626,7.794123124271026,6.7638015396659705,7.5262071151100525,8.067545043152478,8.785099028274374,8.647275007802612,8.746734389353131,0.0005862258324758245,0.0002792806096934533,0.0003217233178699126,0.0002925143594235971,0.024212100951297565,0.016711690808935323,0.017936647341962004,0.01710305117292225,0.99197300232165,0.9695691078050543,0.9770241966217615,0.97039944840469
Amanita muscaria_209.jpg,Amanita,105.31597874282734,192.24309904894454,99.28958768267222,189.86671501988036,0.27576673433002136,0.21892953742480642,0.2755350623916625,0.2224492561853136,5.844532472613459,7.863127734161873,5.60383611691023,7.820557303458888,8.367569521131044,8.643205144944307,8.325567561754259,8.648604748549023,0.000596984969095325,0.00044605958720520005,0.0006004004067562575,0.00044527815957114505,0.024433275856817174,0.02112012280279639,0.024503069333376534,0.02110161509390087,0.9806118365801293,0.9646183938829384,0.9817220388194631,0.9650557940397424
Amanita muscaria_213.jpg,Amanita,82.6309076682316,197.81289593277597,129.05448199373697,184.90952394954277,0.33800368112708085,0.25880611088158284,0.3097486412316892,0.2616783999073499,4.709350547730829,7.4952414556931,5.999432411273489,7.319578804303436,8.133191117477056,8.558955114847103,8.334173020151024,8.543690343853145,0.0016661161079457095,0.0013544483307788794,0.0015488971627390733,0.0013585756202287517,0.040818085549737745,0.03680283047238187,0.03935603083059918,0.03685886081024143,0.9834980273153662,0.9605006770083223,0.9742262393016206,0.9630772063897131
Amanita muscaria_239.jpg,Amanita,118.28819444444443,444.75499949359806,346.2091858037578,429.0651036817052,0.3084327729959113,0.20433810427593604,0.21953170139886383,0.2036757782252135,6.209953703703704,12.420774239498694,10.989939979123173,12.215256745763377,8.346240538449674,8.970228985973971,8.857701559756935,8.960396784915842,0.0022250859407335153,0.0015142362109407436,0.0016324519483034994,0.0014911239931025399,0.047170816621439945,0.03891318813642418,0.040403613060016046,0.03861507468725834,0.9882160210074469,0.9557415907859633,0.9655168597370173,0.9573029164234715
Amanita muscaria_24.jpg,Amanita,191.40624673969745,478.17281373231276,326.4277042014614,467.22729277544175,0.17260361867909474,0.11161516250058794,0.13661506713475516,0.11673362231404374,9.409787428273344,15.214988842822654,12.35307606993737,14.913565363416874,9.02771200275685,9.475553863988681,9.276956426469273,9.45669344949926,0.00024269605277533552,0.0001468759035419798,0.00018269108908989674,0.00015106225224179197,0.015578705105859585,0.012119236920779286,0.01351632676025172,0.01229073847422489,0.9668710666489987,0.917272334866873,0.9434891904060504,0.9191662507765503
Amanita muscaria_242.jpg,Amanita,76.64420318205529,219.26325384457058,152.89513308977038,222.6753637109131,0.2559835778925823,0.16811145212080592,0.20667356476949506,0.1709436725314129,5.492768648930621,9.357392324254038,7.637428235908144,9.34099797112529,8.552026875855384,9.068727779286238,8.864962935536862,9.059144604452507,0.00034602832455449674,0.0002051575044443516,0.00025953488842856125,0.00020903855001811882,0.018601836590898674,0.014323320300976014,0.016110086543174165,0.014458165513581549,0.9869065800653857,0.9625666437050509,0.9738863884143762,0.9619841380645595
Amanita muscaria_253.jpg,Amanita,57.2244131455399,119.38093837905653,69.00626304801672,111.58317242821344,0.3682613802851721,0.3015097407162985,0.3539416684886935,0.2979835129506677,3.880679447052686,5.61871204027692,4.257515657620042,5.379187208614713,7.830555725979478,8.154751877629362,7.899021018993175,8.13025466002441,0.0009830031016327975,0.0007367198832535372,0.0009233462366652813,0.0007207293911947771,0.03135288027650406,0.0271425843142015,0.030386612786970534,0.026846403692017618,0.9875805910864712,0.9740713700437773,0.9850178165025859,0.9757650113292381
Amanita muscaria_27.jpg,Amanita,17.318339201877933,70.68660910020549,56.21204658141963,70.61729738206552,0.5394535907271453,0.41047390203978545,0.4397828214337426,0.4106428923530586,2.1460126499739176,4.486616287845373,3.9100371868475996,4.434071373263939,6.739428340508788,7.340173697315679,7.2124469112485015,7.327912963213992,0.0159095951658761,0.012613321331314476,0.013447287273445645,0.012620474604105167,0.1261332436983847,0.1123090438536206,0.11596243906302439,0.11234088571889206,0.9976675502158265,0.9904870195498995,0.9924298911169674,0.9904963451629627
Amanita muscaria_289.jpg,Amanita,138.3364077986437,191.29583999006792,127.7167503914405,288.02687523890734,0.18146744429114625,0.14906279233386782,0.17191140748769335,0.12165067629577754,7.644036906624935,9.12626396280723,7.612679410229644,11.592669914173047,8.630559634763053,8.806298894959225,8.639822131063498,9.026375171169802,0.00031940503424049,0.00026149601012549366,0.00029889376304461165,0.00020309949826067338,0.017871906284459137,0.016170838262919263,0.017288544271991543,0.014251298125457673,0.963728228137646,0.9498763126042965,0.9665163695855158,0.9245306958720912
Amanita muscaria_29.jpg,Amanita,68.16741979655711,230.70881237319531,182.87726056889352,245.91074584832117,0.2799959958076477,0.17185533719289506,0.19545358678919886,0.17920742414419458,5.099331637976004,9.574537459038622,8.395358168058456,9.648743306510369,8.331455376714015,8.937414060089232,8.804005202334,8.928175654356929,0.00044637848032620854,0.0002374359889928673,0.0002778605556973933,0.00024871415492010266,0.021127670963128155,0.015408958076160351,0.016669149819273726,0.015770673889219277,0.9840448288115627,0.9460237913204665,0.9571939181411591,0.9424671733194475
Amanita muscaria_305.jpg,Amanita,173.78866066770996,348.91288907184696,238.8294558977036,380.6163531875549,0.18720673792442163,0.14022354772303586,0.1703254656506133,0.13748362986646678,8.450221700573813,12.216922971370323,9.876200417536536,12.626069569819752,8.984677953130475,9.336071108936208,9.125574713739827,9.360581199750925,0.00023661309906231184,0.000165941943667216,0.00020898980067826542,0.00016127354105159648,0.015382233227405956,0.012881845507038811,0.014456479539578971,0.012699351993373381,0.9629678732716546,0.9256936920737651,0.949139985056765,0.9189420558442861
Amanita muscaria_316.jpg,Amanita,92.83980503390714,262.299286790098,177.54597794885177,248.56231847125434,0.3325098463053343,0.234345898015083,0.26345445444584875,0.22706606756823847,5.363618283776735,9.127623080165053,7.608314848643007,9.125659547636083,8.330479208950841,8.829718808926138,8.663747094167867,8.847837434194965,0.0006331318942133355,0.0003938957635403015,0.00046626184928124216,0.0003780532398264345,0.02516211227646311,0.01984680738910673,0.02159309726003294,0.01944359122761108,0.9872748556559148,0.9640515323494969,0.9756558987695144,0.9659341371671096
Amanita muscaria_320.jpg,Amanita,132.09035276473656,385.1775510404109,310.3999967379958,443.71880319261896,0.16871268080527657,0.10197144104997255,0.10894922260694596,0.09274219733819769,7.907899713093375,13.854848879871668,12.574383481210857,15.090453180693999,8.894911294224876,9.41977357678553,9.326875694282657,9.49902968311737,0.0002043269676393627,0.00011748782116804927,0.00012788314626806292,0.0001064223240454051,0.014294298431170475,0.0108391799121543,0.011308543065667784,0.010316119621514918,0.9696069387400029,0.9114357467164826,0.928572853393165,0.897975121667122
Amanita muscaria_323.jpg,Amanita,74.57830594679186,298.881629372617,232.71780075678498,288.2050110918351,0.2670929755149134,0.1602256412023827,0.17373492332884213,0.15503251297342674,5.346752738654147,11.04773573008452,9.955979253653446,11.096304572972514,8.51135271217309,9.190522854453496,9.092280448939231,9.203741120205063,0.0003604679773150971,0.00018192058224738235,0.00019735057160664404,0.00017507117692954906,0.018985994240889707,0.013487793824320653,0.014048151892923284,0.013231446516898636,0.9890134495785567,0.9560066806225608,0.9657315861762563,0.9575782060216175
Amanita muscaria_328.jpg,Amanita,115.96862610850287,276.20328605826563,182.1002250782881,273.08781662370416,0.2441490909707792,0.16508489668256493,0.19338123184708467,0.16516389477626275,6.603733046426708,10.455794381225884,8.431155401878915,10.355592147176727,8.332000555686736,8.775748537102706,8.573106701349555,8.763396828145767,0.0005630005348886048,0.0003450640855993763,0.00042100408978881006,0.0003462381136802125,0.02372763230684016,0.01857590066724562,0.020518384190496338,0.018607474672298025,0.9639596825722909,0.9142206935886142,0.9434089029252674,0.9151881763147817
Amanita muscaria_33.jpg,Amanita,69.11861306729266,265.43611331640966,203.12642875782888,253.6533891355556,0.284036397079676,0.15203423249420464,0.1749908180791768,0.16066286266833046,4.873262258737611,10.209601380026855,8.864939979123175,9.811889663193728,8.377653972526256,9.105708429864054,8.965321471429226,9.057581582235013,0.00044926854423358106,0.00020413256547855885,0.0002397716877565339,0.0002196673523940538,0.0211959558461887,0.014287496823396282,0.015484562885549398,0.014821179183656535,0.9872311367241827,0.9509746738950031,0.9624596191464875,0.9531509223381497
Amanita muscaria_34.jpg,Amanita,26.141735133020344,119.2358101286914,101.73274073590817,124.5093422982805,0.36146865777387366,0.18118825768141456,0.19625846252875445,0.1808622059467841,3.127983176838811,7.41623949216057,6.882408011482255,7.546276965901182,7.7843233907984235,8.631541107849316,8.55863066878743,8.648123702263291,0.0007112462168075009,0.0002728374728812386,0.00029293346021383226,0.00026938452414602477,0.026669199778161717,0.01651779261527516,0.017115299010354225,0.01641293770615196,0.9925251002628375,0.9659138441285904,0.9709098543728697,0.9644063901670451
Amanita muscaria_35.jpg,Amanita,148.365988523735,436.99459293455004,322.97493149791234,437.4241295604758,0.21439084501333222,0.13272432063955736,0.15613771013897124,0.13867756097191455,7.9572965571205,14.068674631878489,11.883928105427975,13.972298182507243,8.824582463204734,9.357986176556075,9.188860040799808,9.343418448874846,0.0004131701271708479,0.00023977645593951938,0.00028763236824771944,0.0002466095033501535,0.020326586707335982,0.015484716850479358,0.016959727835307956,0.01570380537800165,0.9767416085559342,0.9315345558857057,0.9493546227679718,0.9314671392965758
Amanita muscaria_36.jpg,Amanita,253.48594483568075,364.1453732835426,273.31765396659716,520.8962823566311,0.18304359156791022,0.1589301865756937,0.18155154724363465,0.1327533750199816,9.338298774126239,11.16631218533656,9.715670668058458,13.797664670463046,8.756571867641227,8.904959646566004,8.77899745345772,9.122781675907026,0.0003376184935874934,0.0002898175889720436,0.0003288460501896459,0.00022804399917420923,0.018374397774824986,0.017024029751267575,0.018134112886756988,0.015101125758505862,0.937054661478631,0.9096450122331857,0.932132448231982,0.8707508234878586
Amanita muscaria_47.jpg,Amanita,58.28247587376109,156.59181719871535,108.82588726513572,157.48404180592718,0.296343156339771,0.2068607933829808,0.24245283422920738,0.20474546697716667,4.693463093375066,7.755561436351814,6.3854318893528195,7.800356768306429,8.329833421406267,8.799239771690651,8.600908403061544,8.803227478673255,0.00043732947189017155,0.00027512230693241155,0.0003435765006632289,0.00027454750661813556,0.020912423864539748,0.016586811234604787,0.018535816698037045,0.016569475146127458,0.9903776082996371,0.9741617915924733,0.9820367445734252,0.97401452599642
Amanita muscaria_49.jpg,Amanita,10.01439423578508,44.380971050146854,34.985650443632565,43.32424096889385,0.5993980048928871,0.4475261020299059,0.469367390515832,0.4314146596872362,1.573738262910798,3.362462877473609,3.0021105167014612,3.3764363028087336,6.9130630554228905,7.551778173694176,7.453489212113949,7.577105837648553,0.0025727159718293533,0.0015051221134124455,0.0016696985698733554,0.0014547589937896333,0.050721947634425016,0.038795903307081867,0.04086194525317358,0.038141302990192055,0.9975925632142141,0.9893330768825279,0.9915865925264362,0.989587051354242
Amanita muscaria_50.jpg,Amanita,105.3575117370892,318.6873605352831,238.31764744258874,327.5834762693535,0.259417204877861,0.15922307735079747,0.18297705744470555,0.15865889795693053,6.009702660406886,10.94805623348068,9.472299060542799,11.198695770073934,8.661632527386145,9.246278066175805,9.112854687315547,9.273138773462662,0.00029897723292628706,0.0001625705869989712,0.0001869317211195498,0.00015889148285835284,0.017290958126323915,0.012750317133270498,0.013672297580127116,0.012605216493910481,0.9787675417806586,0.9356702495926634,0.9520404463097796,0.9338744933366893
Amanita muscaria_55.jpg,Amanita,80.02650299947835,294.4573429909076,230.14231471816282,300.1946216851095,0.23911184327569732,0.14592577525592582,0.1648659091702945,0.1436693272285805,5.758877803860198,11.038515948392744,9.601794102296452,11.055825092050798,8.569372661314096,9.170030764996916,9.026121443954505,9.16724579979418,0.00032844902551818574,0.0001767546537508755,0.00020592002554918804,0.00017794606444304861,0.018123162679791454,0.013294910821471332,0.014349913781942666,0.013339642590528751,0.9847628997272438,0.9439545508908149,0.9561697151348912,0.9428624881200895
Amanita muscaria_56.jpg,Amanita,151.1260465571205,261.28876996612007,143.31487800104384,269.17785488155096,0.2644749628250014,0.21651463694565498,0.2588827320319951,0.21109828701679567,7.287072900365153,9.811017345081856,7.275362082463465,9.979159111477026,8.489746899653491,8.77040687314756,8.49438218793824,8.792211036631178,0.0007896859425124813,0.0006197831340945739,0.0007954189582132497,0.0005967905771494571,0.028101351257768394,0.024895444042928296,0.028203172839474103,0.024429297516495578,0.9699335561233514,0.9480521937048565,0.9714937761065263,0.946483530040152
Amanita muscaria_58.jpg,Amanita,262.41041014606157,399.71521263979145,208.55391766701462,405.2820625912749,0.17749983591322926,0.14544701595728182,0.1860998151612858,0.1446312555117522,10.302820161711008,13.141259993269754,9.26728536012526,13.021190469189527,8.938080310523464,9.174198602513982,8.86709606100063,9.1592650594982,0.0006903013399265259,0.0006431534012544699,0.0007722386070588409,0.0006082527735354335,0.02627358635448396,0.025360469263293807,0.027789181475150377,0.024662781139511283,0.9705328327007323,0.9550908717117723,0.9765570520348412,0.954465318825619
Amanita muscaria_75.jpg,Amanita,176.89520083463745,350.5565095513932,196.4001989822547,337.4054907034412,0.1492715987001612,0.11056074526527837,0.14678932907945094,0.11372693529607082,9.143270735524258,13.159676686890073,9.849703157620041,12.750461479150943,9.056158791857802,9.395115521646535,9.114216051446393,9.362421646936234,0.00017026517140211582,0.00011955499098195935,0.00016164147914796178,0.00012440485695897478,0.013048569707140925,0.01093412049421257,0.012713830231207344,0.011153692525750152,0.9632333808431888,0.9271243180672967,0.9591667046586563,0.929858151317921
Amanita muscaria_92.jpg,Amanita,45.42549882629108,207.14650370326808,167.65706876304802,201.3045043632241,0.377277004145429,0.22114213984288483,0.24544105505087843,0.22589269017634694,3.712535863328117,8.508777088417771,7.62326135177453,8.303161581411455,8.119419182546068,8.916772835556221,8.805748426537734,8.889887441071657,0.0005769538846955649,0.0002662901204560134,0.0003071617508099168,0.00027572487032442015,0.024019864377126797,0.016318398219678714,0.017526030663271044,0.016604965231051226,0.9934405438194416,0.9700932002330266,0.9757895689295374,0.9709365818830966
Amanita persicina_195.jpg,Amanita,29.23497326551904,70.7529934886517,44.76330897703549,66.01542075463684,0.4543053506076208,0.357746681731973,0.423024029263646,0.3894118738363761,2.890665753781951,4.544708753565232,3.53794363256785,4.327808651958142,7.694506782001744,8.101847512082761,7.843852613866685,8.034017348981898,0.0010556630077806434,0.000721459663676955,0.0009330124777958986,0.0008159906484456898,0.03249096809546683,0.0268600011853491,0.0305452529502687,0.028565550028761738,0.9927991679170455,0.9825562025593089,0.9889595968668163,0.9837242707985077
Amanita persicina_199.jpg,Amanita,273.43824008868023,530.0520940535348,301.5665253131524,469.4013120709877,0.15899692450277236,0.12081081232035859,0.1500034169404487,0.1284939841019986,10.88134128847157,15.513210555375862,11.587552192066804,14.297702242216928,9.375155824935025,9.708021792072895,9.436975194184061,9.63146666807661,0.0001443971919543012,0.00010368477890836986,0.0001369699602869719,0.00011126362947326966,0.012016538268332573,0.010182572312945774,0.01170341660742588,0.010548157634073813,0.9708217274963932,0.9433849431121477,0.9678206606752803,0.9498633607525646
Amanita persicina_226.jpg,Amanita,32.684503781950966,53.81231438736805,33.95033598643007,71.4507336293334,0.6121721947750758,0.55277837453574,0.6298443750335428,0.5586676628208236,2.24314358372457,2.986506839692761,2.2449862995824637,3.252491987415096,7.114609613510413,7.34416869861633,7.048924653920617,7.35427854885553,0.0029056688164169724,0.0024054323030440446,0.003198457325911469,0.002443684273678635,0.05390425601394543,0.04904520672852796,0.056554905409800384,0.049433635044154246,0.9960345001515959,0.9934787869164631,0.9958841536210578,0.9913412761182189
Amanita persicina_27.jpg,Amanita,28.2554707876891,92.40618333055629,68.35168971816285,91.13020082919226,0.4072225610422954,0.28274837154398025,0.3123859886029193,0.2763332130619612,2.8959963484611375,5.206768796495044,4.4518201983298535,5.254207219657542,7.856210386099459,8.390430714700127,8.24079761315462,8.420769544233355,0.0007461377362350263,0.00043545835577497177,0.0005013004358027363,0.0004210373528762137,0.027315521892049333,0.02086763896024109,0.022389739520654015,0.020519194742392152,0.9942316784214545,0.9811398966963993,0.9860375753263978,0.9814003980237469
Amanita persicina_35.jpg,Amanita,23.16857068335942,48.18194530206056,26.888912447807932,45.07898236087833,0.3570160636662557,0.28045112343647627,0.394792922506314,0.28538962068603013,3.00387323943662,4.27421499537704,2.9672070720250527,4.180200665836821,7.696747796365425,8.026601844338066,7.649263322418598,8.009797130476452,0.0007409726355000112,0.0005440012676744684,0.000868630548463099,0.0005573241026205888,0.027220812542979155,0.02332383475491259,0.02947253888729471,0.023607712778255092,0.9917835461908897,0.98287206777079,0.9904461782347503,0.9839749995413523
Amanita persicina_6.jpg,Amanita,31.254645931142413,62.20092720554363,35.185539535490605,64.45827738409113,0.3575802811533335,0.25919435705585614,0.322968065684264,0.280127862000676,3.153452660406886,4.677343578987261,3.540556497912317,4.642150280481311,7.838502562267776,8.244128493971578,7.9612642729420875,8.193703606971845,0.0007324255182860627,0.0004658546562914469,0.0006501297327662667,0.0005341428346671017,0.02706336117865005,0.021583666423743833,0.025497641709896754,0.023111530340224156,0.9972221698787244,0.9944713312753497,0.9968728808295891,0.9942706882852383
Amanita persicina_72.jpg,Amanita,308.91381064162755,615.725017234,409.55683063674326,613.0590203246852,0.13983633897902328,0.09813278819132952,0.12146378560364246,0.10437606308513547,11.021785341679708,16.069952071510478,13.09881915448852,15.844877663102253,9.349355835783335,9.713527368786057,9.518498527137062,9.68864488100262,0.00014790461081783696,9.964733252857598e-05,0.00012438064696166447,0.00010542848378279333,0.012161603957448908,0.009982351052160807,0.011152607182254044,0.010267837346919426,0.9554903903249723,0.9111635552034022,0.9409266057842411,0.9115481052879988
Amanita_bisporigera_000011_1.jpg,Amanita,30.66650039123631,118.36308036108089,78.53905923799584,86.96219954848553,0.43600736467374424,0.2773659074779816,0.31151551742624745,0.3050678482633555,2.8136574074074074,6.0579977195578945,5.006458768267225,5.267889872288708,7.687123711820679,8.39283059852901,8.228641663303826,8.283605939963204,0.0033882714350776987,0.0025791369622878793,0.0027318383065390453,0.0026718701890389236,0.05820886045163312,0.05078520416703943,0.0522669906015168,0.0516901362838107,0.9958055338394042,0.9838218514881522,0.9892588803670082,0.9881137765705154
Amanita_bisporigera_000026_0.jpg,Amanita,123.77762454355764,225.72495189181947,104.86708311586641,182.6849494088166,0.30327863476062555,0.2277659026698215,0.2918780893384191,0.2508603529117399,6.183675665101722,8.934912653839996,6.056964378914405,7.6874291445728415,8.387930506417472,8.722412828581145,8.360621861543859,8.607121553181159,0.0005965093541770922,0.00043149164600268775,0.0006233516429775249,0.0004816465265315041,0.02442354098358983,0.02077237699452539,0.02496701109419237,0.02194644678601764,0.9869048721326599,0.9761237648404794,0.9889073007412962,0.9806763926602656
Amanita_muscaria_000002_0.jpg,Amanita,61.84114827856027,265.8240171719251,214.16083637787062,248.61322329710106,0.40280301116895983,0.22309023593859179,0.2414785616604075,0.23180629943129294,3.9537200052164847,8.952136852663182,8.060138308977036,8.662974833459117,7.8062148269467295,8.615363008253867,8.51492114920317,8.57837789290386,0.001247427351079516,0.0005120319449035164,0.0005662421442477996,0.0005434100934419909,0.035318937570084356,0.02262812287626873,0.02379584300351218,0.023311158131718617,0.9855273802338957,0.9378290630358815,0.9498846346805682,0.9418542646024581
Amanita_muscaria_000003_0.jpg,Amanita,107.3356285863328,203.47935350446448,97.20180388830897,178.8480402246464,0.2798155240481602,0.2262926985460109,0.30126604628391623,0.2306799584842225,6.271967918622848,8.68208742130351,5.837522834029228,8.186476782289656,8.523546950903082,8.823360403223823,8.424509039644269,8.77880012959195,0.0004472226225319323,0.0003306478326312569,0.0005079186885786406,0.0003388269249928532,0.021147638698727864,0.018183724388344015,0.022537051461507574,0.0184072519674408,0.9729913745239158,0.9487751096256346,0.9755165616753592,0.9549761019545563
Amanita_muscaria_000004_0.jpg,Amanita,61.29267083985394,183.75199702039654,138.99612800104387,182.7119684005214,0.35336605675424326,0.2419063590031505,0.28892911175441205,0.2548215018762502,4.0624478351591025,7.504814085160464,6.393420537578289,7.313488913065496,8.031301753799921,8.623569696201965,8.434616753823727,8.570365175711023,0.0007710016302958402,0.00044390935764912346,0.0005838797591125688,0.0004932589541506776,0.02776691611064938,0.021069156548118473,0.024163604017459168,0.022209433899824587,0.9886349204549919,0.965935452316904,0.9742337024077121,0.9661282097783691
Amanita_muscaria_000007_0.jpg,Amanita,31.57391431924883,72.72299489350857,50.2655467118998,71.84829179204198,0.5809840071875977,0.5105904761492783,0.5779888035013881,0.504159035768486,1.9621707094418366,2.975960611733495,2.3638308977035494,2.9779012744992333,6.824881761205529,7.11253366107349,6.8745455213094715,7.135040842199259,0.002196220857580665,0.0017433973671161433,0.002198622119051031,0.00171108260163675,0.0468638544891547,0.041754010192029976,0.04688946703739584,0.04136523421469713,0.9855043225095367,0.9666323414761897,0.9769325682568855,0.9670338037705505
Amanita_muscaria_000007_1.jpg,Amanita,180.85675534689616,338.0664431964088,192.9997455636743,306.12152665470904,0.19632615560280653,0.14982042413866672,0.19921777793649492,0.15714065137438674,8.32378716744914,11.723403282137733,8.5589378914405,10.856698063584474,8.940717447565484,9.264613624369108,8.951843763514955,9.189467721847585,0.00023571041979941437,0.00017118539743614532,0.0002473293787945485,0.0001834225263263035,0.015352863570012415,0.013083783758383708,0.015726709089779353,0.013543357276772385,0.9668728325640339,0.9381216615037551,0.9646521513191665,0.9439687921932216
Amanita_muscaria_000009_0.jpg,Amanita,179.41837180490347,309.27277093318435,170.3666362212944,319.6357369454491,0.21596650410059354,0.1653427657600245,0.21446469049145178,0.17033446396431154,7.83230633802817,10.610658616510008,7.771627087682673,10.63373420761171,8.963595213051367,9.259875176909482,8.96265777056722,9.257290657336142,0.00022237148055696376,0.00016251139432401333,0.00022223152547931718,0.00016504421211352508,0.014912125286389051,0.012747995698305413,0.014907431887461945,0.012846953417582126,0.9759626645258487,0.9586042150867526,0.9771879436818346,0.957217191489844
Amanita_muscaria_000017_0.png,Amanita,86.86832942097027,187.0412374502174,118.06923277661795,186.55582999271434,0.2410068688563725,0.16644010751734412,0.19894255826527657,0.16560165341271066,5.793212050078248,8.905214632727938,7.142360386221294,8.960369967426923,8.586221195009642,9.001765775919111,8.790462671642635,9.007404352247557,0.00029602839279635387,0.00018880566541501216,0.000233804766428243,0.0001881544179024585,0.017205475663182167,0.013740657386566778,0.01529067580024647,0.013716939086489322,0.9820015112561906,0.9612190332638884,0.9755161171595188,0.9613193617526669
Amanita_muscaria_000018_0.jpg,Amanita,180.2040525560772,264.5370473828823,108.5779521137787,274.7251087130531,0.22551933816616715,0.1827582655331735,0.24657207331496553,0.18866404272645548,8.386896844027126,10.427932475390502,6.6526585334029225,10.495561632378358,9.030001498551666,9.252221830711704,8.836351216119828,9.254835903861448,0.0002255855178976154,0.00017062024108216575,0.00025176818268537717,0.00017376457241388934,0.015019504582296162,0.013062168314723469,0.015867204627324157,0.013181979078040192,0.9725299892780727,0.9596897475482575,0.9834488109425404,0.9581371262064152
Amanita_muscaria_000019_1.jpg,Amanita,47.59943922796035,143.77627817473152,112.5943338987474,149.79141142377344,0.2932442380460729,0.19326602518431563,0.21539173302851877,0.1853337788405757,4.298232916014606,7.612164753774328,6.7401063413361175,7.862261950268067,7.898607877520618,8.423778881470339,8.316892426581212,8.47745555077732,0.00086259041918511,0.000510962169794696,0.0005587409072910492,0.0004721296669070586,0.029369889669270295,0.022604472340550134,0.023637700973044084,0.021728544979060578,0.9891074416566402,0.9671247540174603,0.974242133869402,0.9657492545759613
Amanita_muscaria_000021_0.jpg,Amanita,239.07846244131457,529.3098689562567,353.0665579331942,516.5747106158174,0.22634625037943232,0.17855327157491183,0.20849321857405803,0.1783936848717632,9.397404799165363,14.564759001702164,11.754775574112735,14.274894554055951,8.727639382686043,9.100792818745425,8.884917399289039,9.08204818978813,0.0018979558963804757,0.0016726158807672884,0.0019579748636615055,0.0016693030016159051,0.043565535648956225,0.04089762683539582,0.04424900974780685,0.04085710466511186,0.960693541957856,0.9130659495861699,0.9419705616001943,0.9151573335346427
Amanita_muscaria_000024_1.jpg,Amanita,207.62122782994265,346.6370339877353,214.04439261482256,344.69569166331786,0.14149179555552072,0.11271718498195996,0.14898180322150079,0.11553539246533595,9.904952399582683,12.837281634599991,9.774311717118998,12.708243896223548,8.840358708175524,9.07211412287144,8.811142759821536,9.062548573451705,0.00022841508890642694,0.00017920136970781174,0.00024113433743587674,0.00018319703804598893,0.015113407587517348,0.013386611584258794,0.015528500810956502,0.013535030034912701,0.9073878527283944,0.8454495502861006,0.9045587998761229,0.8463160408455279
Amanita_ocreata_000012_0.jpg,Amanita,22.948956703182052,73.9976215446238,55.728751304801676,77.1922236270791,0.34764554177952545,0.21181337215052587,0.23877626514444822,0.21462473484992906,3.056553208137715,5.722217321558673,4.962167275574113,5.718946945416409,7.773398995102315,8.378106684715114,8.242529071695468,8.372784676944041,0.0008103768257524239,0.0004331837580911751,0.0005014469791270549,0.00044461663833221017,0.028467118325401747,0.020813067003475846,0.02239301183688909,0.021085934608933276,0.9966648742950136,0.9892617247143933,0.9919071624896857,0.9887981403512209
Amanita_ocreata_000016_0.jpg,Amanita,45.284347287428275,110.4537132327717,87.84161664926933,141.99567108053097,0.34339944814707085,0.2393047451543605,0.2683351056032652,0.2232670631122961,3.8250619457485655,6.35068821651785,5.549947807933195,7.096164087284084,8.301136080779841,8.798963937543874,8.662298465399626,8.900880031133317,0.00042619418657951304,0.00026165109802934376,0.0003098984569681722,0.00024049990773478022,0.020644471089846624,0.016175632847877815,0.01760393299715073,0.01550805944452046,0.9940176754101777,0.9854029973205346,0.9883888933714255,0.9812345095117337
Amanita_phalloides_000006_1.jpg,Amanita,93.37476525821597,224.28832563929154,162.63887656576205,225.5412946246255,0.3000989638829694,0.2247493095124009,0.25038336684555174,0.2200837694749646,5.357916014606156,8.580163420793841,7.330917275574114,8.761063247963774,8.45427443645492,8.892047954333883,8.747577123447869,8.919970351450408,0.0008797958229996878,0.0006553690807387445,0.0007446404460579603,0.0006394581686976833,0.0296613523461033,0.025600177357564233,0.027288100814420197,0.025287510132428682,0.9908040568820542,0.977930486008775,0.9839825052966096,0.9778071931645553
Amanita_phalloides_000008_1.jpg,Amanita,43.93581442357851,132.22872703630736,103.29091858037579,138.0927336227992,0.35241670081271415,0.26027100539298414,0.2795944307123083,0.24837135756858783,3.8197476525821594,6.694669058190479,5.960725469728603,6.997971125290364,7.953266241246384,8.451143610766017,8.338333059808551,8.497066421489816,0.002289052519894138,0.0016354742197619678,0.0017914482629878845,0.0015781031111820024,0.04784404372431471,0.04044099677013374,0.042325503694437994,0.039725345954214196,0.9945290245940375,0.983542771874327,0.9871390727470848,0.9828129381020548
Amanita_smithiana_000002_0.jpg,Amanita,90.11166536254564,284.34078234192907,200.36202700939458,259.60938444398704,0.21210733028552062,0.13436307652806523,0.15889745446949732,0.1442485783822593,6.280275169535733,11.254089603732346,9.43476970250522,10.69237228054012,8.760821899020051,9.306435578632701,9.128238609720462,9.246853936861879,0.00027205863182194073,0.00016328163026756376,0.00019713508737336075,0.00017354580341747805,0.016494199944887922,0.012778170067249996,0.014040480311348353,0.01317367843153453,0.9900285061858528,0.9685640151399273,0.9778345406006984,0.9712982819009842
Amanita_verna_000011_0.jpg,Amanita,27.233750652060507,107.06841979737389,84.143061717119,107.81789787670584,0.36021535915233655,0.2232386423410097,0.25304976930215844,0.228897565053702,3.2045709441836205,6.481562070170968,5.699305193110647,6.531349544728357,7.8818594500557255,8.546286204381698,8.423262305557792,8.556446022568085,0.0006743458197393853,0.0003575340091238314,0.0004096453434907422,0.0003579432343278477,0.025968169356721804,0.01890856972707961,0.02023969721835636,0.01891938778945682,0.9958347898423524,0.9836350085088796,0.9871320208971793,0.983520410410809
Amanita_verna_000013_0.jpg,Amanita,43.77135824204487,109.35350119739545,75.73338661273486,107.749876666634,0.44521797430595506,0.28614259565563527,0.311953620839408,0.28670162924781245,2.7492468701095465,5.2267896406506775,4.559587030271398,5.185849497355275,6.820729609966907,7.485941163484093,7.382904814248975,7.475784555864017,0.002752614645299491,0.0013646562786262344,0.0014697610276341467,0.001380093494494612,0.05246536615043767,0.036941254426808984,0.038337462456899084,0.037149609614296246,0.9930179781337023,0.9825841169914312,0.9879247473072023,0.9828395102071465
Amanita_verna_000023_0.jpg,Amanita,75.50396126760563,123.18914274326077,65.28200678496869,122.19240985229399,0.47181689479922195,0.42678330424251076,0.5222935223635279,0.42577472589173226,4.073001434533125,5.218416040198509,3.708018006263048,5.331141103172036,7.282199851550337,7.498090037096442,7.107757363203381,7.512877860779557,0.0034646730624465797,0.002957808979314502,0.0048006103884856285,0.002989851221526257,0.0588614734987715,0.05438574242680247,0.06928643726217729,0.0546795320163428,0.9713847095203715,0.9533598986569218,0.9752657912554493,0.9537372459683489
Amanita_verna_000024_1.jpg,Amanita,132.39435641627543,191.84461302727053,73.36042210334031,191.78334493157038,0.2030059959706747,0.17228589375197345,0.24832100723574724,0.17296584757786793,7.297981872717788,8.87675157883044,5.438233950939458,8.87304994429579,8.91277438871441,9.107440703567516,8.652790757047791,9.107614634764282,0.00024210194469479214,0.00019647716631236784,0.0003065986145658771,0.0001971323205094467,0.015559625467690156,0.014017031294549065,0.01750995758321182,0.014040381779333734,0.987109233943271,0.9813305518268172,0.9928608881855433,0.9813365965671845
